,date,full_moon,new_moon
0,1820-01,2,2
1,1820-02,2,2
2,1820-03,2,2
3,1820-04,2,2
4,1820-05,2,2
5,1820-06,2,2
6,1820-07,2,2
7,1820-08,2,2
8,1820-09,2,2
9,1820-10,2,2
10,1820-11,2,2
11,1820-12,2,2
12,1821-01,4,4
13,1821-02,2,2
14,1821-03,2,2
15,1821-04,2,2
16,1821-05,3,3
17,1821-06,2,2
18,1821-07,2,2
19,1821-08,2,2
20,1821-09,2,2
21,1821-10,2,2
22,1821-11,2,2
23,1821-12,2,2
24,1822-01,4,4
25,1822-02,2,2
26,1822-03,2,2
27,1822-04,2,2
28,1822-05,2,2
29,1822-06,2,2
30,1822-07,2,2
31,1822-08,2,2
32,1822-09,3,3
33,1822-10,2,2
34,1822-11,2,2
35,1822-12,2,2
36,1823-01,4,4
37,1823-02,2,2
38,1823-03,2,2
39,1823-04,2,2
40,1823-05,2,2
41,1823-06,2,2
42,1823-07,2,2
43,1823-08,2,2
44,1823-09,2,2
45,1823-10,2,2
46,1823-11,2,2
47,1823-12,2,2
48,1824-01,5,5
49,1824-02,2,2
50,1824-03,2,2
51,1824-04,2,2
52,1824-05,2,2
53,1824-06,2,2
54,1824-07,2,2
55,1824-08,2,2
56,1824-09,2,2
57,1824-10,2,2
58,1824-11,2,2
59,1824-12,2,2
60,1825-01,4,4
61,1825-02,2,2
62,1825-03,2,2
63,1825-04,2,2
64,1825-05,3,3
65,1825-06,2,2
66,1825-07,2,2
67,1825-08,2,2
68,1825-09,2,2
69,1825-10,2,2
70,1825-11,2,2
71,1825-12,2,2
72,1826-01,4,4
73,1826-02,2,2
74,1826-03,2,2
75,1826-04,2,2
76,1826-05,2,2
77,1826-06,2,2
78,1826-07,2,2
79,1826-08,2,2
80,1826-09,2,2
81,1826-10,3,3
82,1826-11,2,2
83,1826-12,2,2
84,1827-01,4,4
85,1827-02,2,2
86,1827-03,2,2
87,1827-04,2,2
88,1827-05,2,2
89,1827-06,2,2
90,1827-07,2,2
91,1827-08,2,2
92,1827-09,2,2
93,1827-10,2,2
94,1827-11,2,2
95,1827-12,2,2
96,1828-01,4,4
97,1828-02,2,2
98,1828-03,3,3
99,1828-04,2,2
100,1828-05,2,2
101,1828-06,2,2
102,1828-07,2,2
103,1828-08,2,2
104,1828-09,2,2
105,1828-10,2,2
106,1828-11,2,2
107,1828-12,2,2
108,1829-01,4,4
109,1829-02,2,2
110,1829-03,2,2
111,1829-04,2,2
112,1829-05,2,2
113,1829-06,2,2
114,1829-07,3,3
115,1829-08,2,2
116,1829-09,2,2
117,1829-10,2,2
118,1829-11,2,2
119,1829-12,2,2
120,1830-01,4,4
121,1830-02,2,2
122,1830-03,2,2
123,1830-04,2,2
124,1830-05,2,2
125,1830-06,2,2
126,1830-07,2,2
127,1830-08,2,2
128,1830-09,2,2
129,1830-10,3,3
130,1830-11,2,2
131,1830-12,2,2
132,1831-01,4,4
133,1831-02,2,2
134,1831-03,2,2
135,1831-04,2,2
136,1831-05,2,2
137,1831-06,2,2
138,1831-07,2,2
139,1831-08,2,2
140,1831-09,2,2
141,1831-10,2,2
142,1831-11,2,2
143,1831-12,2,2
144,1832-01,4,4
145,1832-02,2,2
146,1832-03,2,2
147,1832-04,3,3
148,1832-05,2,2
149,1832-06,2,2
150,1832-07,2,2
151,1832-08,2,2
152,1832-09,2,2
153,1832-10,2,2
154,1832-11,2,2
155,1832-12,2,2
156,1833-01,4,4
157,1833-02,2,2
158,1833-03,2,2
159,1833-04,2,2
160,1833-05,2,2
161,1833-06,2,2
162,1833-07,3,3
163,1833-08,2,2
164,1833-09,2,2
165,1833-10,2,2
166,1833-11,2,2
167,1833-12,2,2
168,1834-01,4,4
169,1834-02,2,2
170,1834-03,2,2
171,1834-04,2,2
172,1834-05,2,2
173,1834-06,2,2
174,1834-07,2,2
175,1834-08,2,2
176,1834-09,2,2
177,1834-10,2,2
178,1834-11,3,3
179,1834-12,2,2
180,1835-01,4,4
181,1835-02,2,2
182,1835-03,2,2
183,1835-04,2,2
184,1835-05,2,2
185,1835-06,2,2
186,1835-07,2,2
187,1835-08,2,2
188,1835-09,2,2
189,1835-10,2,2
190,1835-11,2,2
191,1835-12,2,2
192,1836-01,4,4
193,1836-02,2,2
194,1836-03,2,2
195,1836-04,2,2
196,1836-05,3,3
197,1836-06,2,2
198,1836-07,2,2
199,1836-08,2,2
200,1836-09,2,2
201,1836-10,2,2
202,1836-11,2,2
203,1836-12,2,2
204,1837-01,4,4
205,1837-02,2,2
206,1837-03,2,2
207,1837-04,2,2
208,1837-05,2,2
209,1837-06,2,2
210,1837-07,2,2
211,1837-08,3,3
212,1837-09,2,2
213,1837-10,2,2
214,1837-11,2,2
215,1837-12,2,2
216,1838-01,4,4
217,1838-02,2,2
218,1838-03,2,2
219,1838-04,2,2
220,1838-05,2,2
221,1838-06,2,2
222,1838-07,2,2
223,1838-08,2,2
224,1838-09,2,2
225,1838-10,2,2
226,1838-11,2,2
227,1838-12,3,3
228,1839-01,4,4
229,1839-02,2,2
230,1839-03,2,2
231,1839-04,2,2
232,1839-05,2,2
233,1839-06,2,2
234,1839-07,2,2
235,1839-08,2,2
236,1839-09,2,2
237,1839-10,2,2
238,1839-11,2,2
239,1839-12,2,2
240,1840-01,4,4
241,1840-02,2,2
242,1840-03,2,2
243,1840-04,2,2
244,1840-05,3,3
245,1840-06,2,2
246,1840-07,2,2
247,1840-08,2,2
248,1840-09,2,2
249,1840-10,2,2
250,1840-11,2,2
251,1840-12,2,2
252,1841-01,4,4
253,1841-02,2,2
254,1841-03,2,2
255,1841-04,2,2
256,1841-05,2,2
257,1841-06,2,2
258,1841-07,2,2
259,1841-08,2,2
260,1841-09,3,3
261,1841-10,2,2
262,1841-11,2,2
263,1841-12,2,2
264,1842-01,4,4
265,1842-02,2,2
266,1842-03,2,2
267,1842-04,2,2
268,1842-05,2,2
269,1842-06,2,2
270,1842-07,2,2
271,1842-08,2,2
272,1842-09,2,2
273,1842-10,2,2
274,1842-11,2,2
275,1842-12,3,3
276,1843-01,4,4
277,1843-02,1,1
278,1843-03,3,3
279,1843-04,2,2
280,1843-05,2,2
281,1843-06,2,2
282,1843-07,2,2
283,1843-08,2,2
284,1843-09,2,2
285,1843-10,2,2
286,1843-11,2,2
287,1843-12,2,2
288,1844-01,4,4
289,1844-02,2,2
290,1844-03,2,2
291,1844-04,2,2
292,1844-05,3,3
293,1844-06,2,2
294,1844-07,2,2
295,1844-08,2,2
296,1844-09,2,2
297,1844-10,2,2
298,1844-11,2,2
299,1844-12,2,2
300,1845-01,4,4
301,1845-02,2,2
302,1845-03,2,2
303,1845-04,2,2
304,1845-05,2,2
305,1845-06,2,2
306,1845-07,2,2
307,1845-08,2,2
308,1845-09,2,2
309,1845-10,3,3
310,1845-11,2,2
311,1845-12,2,2
312,1846-01,4,4
313,1846-02,2,2
314,1846-03,2,2
315,1846-04,2,2
316,1846-05,2,2
317,1846-06,2,2
318,1846-07,2,2
319,1846-08,2,2
320,1846-09,2,2
321,1846-10,2,2
322,1846-11,2,2
323,1846-12,2,2
324,1847-01,5,5
325,1847-02,1,1
326,1847-03,3,3
327,1847-04,2,2
328,1847-05,2,2
329,1847-06,2,2
330,1847-07,2,2
331,1847-08,2,2
332,1847-09,2,2
333,1847-10,2,2
334,1847-11,2,2
335,1847-12,2,2
336,1848-01,4,4
337,1848-02,2,2
338,1848-03,2,2
339,1848-04,2,2
340,1848-05,2,2
341,1848-06,3,3
342,1848-07,2,2
343,1848-08,2,2
344,1848-09,2,2
345,1848-10,2,2
346,1848-11,2,2
347,1848-12,2,2
348,1849-01,4,4
349,1849-02,2,2
350,1849-03,2,2
351,1849-04,2,2
352,1849-05,2,2
353,1849-06,2,2
354,1849-07,2,2
355,1849-08,2,2
356,1849-09,2,2
357,1849-10,3,3
358,1849-11,2,2
359,1849-12,2,2
360,1850-01,4,4
361,1850-02,2,2
362,1850-03,2,2
363,1850-04,2,2
364,1850-05,2,2
365,1850-06,2,2
366,1850-07,2,2
367,1850-08,2,2
368,1850-09,2,2
369,1850-10,2,2
370,1850-11,2,2
371,1850-12,2,2
372,1851-01,4,4
373,1851-02,2,2
374,1851-03,2,2
375,1851-04,2,2
376,1851-05,3,3
377,1851-06,2,2
378,1851-07,2,2
379,1851-08,2,2
380,1851-09,2,2
381,1851-10,2,2
382,1851-11,2,2
383,1851-12,2,2
384,1852-01,4,4
385,1852-02,2,2
386,1852-03,2,2
387,1852-04,2,2
388,1852-05,2,2
389,1852-06,2,2
390,1852-07,3,3
391,1852-08,2,2
392,1852-09,2,2
393,1852-10,2,2
394,1852-11,2,2
395,1852-12,2,2
396,1853-01,4,4
397,1853-02,2,2
398,1853-03,2,2
399,1853-04,2,2
400,1853-05,2,2
401,1853-06,2,2
402,1853-07,2,2
403,1853-08,2,2
404,1853-09,2,2
405,1853-10,2,2
406,1853-11,3,3
407,1853-12,2,2
408,1854-01,4,4
409,1854-02,2,2
410,1854-03,2,2
411,1854-04,2,2
412,1854-05,2,2
413,1854-06,2,2
414,1854-07,2,2
415,1854-08,2,2
416,1854-09,2,2
417,1854-10,2,2
418,1854-11,2,2
419,1854-12,2,2
420,1855-01,4,4
421,1855-02,2,2
422,1855-03,2,2
423,1855-04,2,2
424,1855-05,3,3
425,1855-06,2,2
426,1855-07,2,2
427,1855-08,2,2
428,1855-09,2,2
429,1855-10,2,2
430,1855-11,2,2
431,1855-12,2,2
432,1856-01,4,4
433,1856-02,2,2
434,1856-03,2,2
435,1856-04,2,2
436,1856-05,2,2
437,1856-06,2,2
438,1856-07,3,3
439,1856-08,2,2
440,1856-09,2,2
441,1856-10,2,2
442,1856-11,2,2
443,1856-12,2,2
444,1857-01,4,4
445,1857-02,2,2
446,1857-03,2,2
447,1857-04,2,2
448,1857-05,2,2
449,1857-06,2,2
450,1857-07,2,2
451,1857-08,2,2
452,1857-09,2,2
453,1857-10,2,2
454,1857-11,2,2
455,1857-12,3,3
456,1858-01,4,4
457,1858-02,2,2
458,1858-03,2,2
459,1858-04,2,2
460,1858-05,2,2
461,1858-06,2,2
462,1858-07,2,2
463,1858-08,2,2
464,1858-09,2,2
465,1858-10,2,2
466,1858-11,2,2
467,1858-12,2,2
468,1859-01,4,4
469,1859-02,2,2
470,1859-03,2,2
471,1859-04,2,2
472,1859-05,2,2
473,1859-06,3,3
474,1859-07,2,2
475,1859-08,2,2
476,1859-09,2,2
477,1859-10,2,2
478,1859-11,2,2
479,1859-12,2,2
480,1860-01,4,4
481,1860-02,2,2
482,1860-03,2,2
483,1860-04,2,2
484,1860-05,2,2
485,1860-06,2,2
486,1860-07,2,2
487,1860-08,3,3
488,1860-09,2,2
489,1860-10,2,2
490,1860-11,2,2
491,1860-12,2,2
492,1861-01,4,4
493,1861-02,2,2
494,1861-03,2,2
495,1861-04,2,2
496,1861-05,2,2
497,1861-06,2,2
498,1861-07,2,2
499,1861-08,2,2
500,1861-09,2,2
501,1861-10,2,2
502,1861-11,2,2
503,1861-12,3,3
504,1862-01,4,4
505,1862-02,2,2
506,1862-03,2,2
507,1862-04,2,2
508,1862-05,2,2
509,1862-06,2,2
510,1862-07,2,2
511,1862-08,2,2
512,1862-09,2,2
513,1862-10,2,2
514,1862-11,2,2
515,1862-12,2,2
516,1863-01,4,4
517,1863-02,2,2
518,1863-03,2,2
519,1863-04,2,2
520,1863-05,2,2
521,1863-06,2,2
522,1863-07,3,3
523,1863-08,2,2
524,1863-09,2,2
525,1863-10,2,2
526,1863-11,2,2
527,1863-12,2,2
528,1864-01,4,4
529,1864-02,2,2
530,1864-03,2,2
531,1864-04,2,2
532,1864-05,2,2
533,1864-06,2,2
534,1864-07,2,2
535,1864-08,2,2
536,1864-09,3,3
537,1864-10,2,2
538,1864-11,2,2
539,1864-12,2,2
540,1865-01,4,4
541,1865-02,2,2
542,1865-03,2,2
543,1865-04,2,2
544,1865-05,2,2
545,1865-06,2,2
546,1865-07,2,2
547,1865-08,2,2
548,1865-09,2,2
549,1865-10,2,2
550,1865-11,2,2
551,1865-12,2,2
552,1866-01,5,5
553,1866-02,1,1
554,1866-03,3,3
555,1866-04,2,2
556,1866-05,2,2
557,1866-06,2,2
558,1866-07,2,2
559,1866-08,2,2
560,1866-09,2,2
561,1866-10,2,2
562,1866-11,2,2
563,1866-12,2,2
564,1867-01,4,4
565,1867-02,2,2
566,1867-03,2,2
567,1867-04,2,2
568,1867-05,2,2
569,1867-06,2,2
570,1867-07,3,3
571,1867-08,2,2
572,1867-09,2,2
573,1867-10,2,2
574,1867-11,2,2
575,1867-12,2,2
576,1868-01,4,4
577,1868-02,2,2
578,1868-03,2,2
579,1868-04,2,2
580,1868-05,2,2
581,1868-06,2,2
582,1868-07,2,2
583,1868-08,2,2
584,1868-09,2,2
585,1868-10,3,3
586,1868-11,2,2
587,1868-12,2,2
588,1869-01,4,4
589,1869-02,2,2
590,1869-03,2,2
591,1869-04,2,2
592,1869-05,2,2
593,1869-06,2,2
594,1869-07,2,2
595,1869-08,2,2
596,1869-09,2,2
597,1869-10,2,2
598,1869-11,2,2
599,1869-12,2,2
600,1870-01,5,5
601,1870-02,1,1
602,1870-03,2,2
603,1870-04,3,3
604,1870-05,2,2
605,1870-06,2,2
606,1870-07,2,2
607,1870-08,2,2
608,1870-09,2,2
609,1870-10,2,2
610,1870-11,2,2
611,1870-12,2,2
612,1871-01,4,4
613,1871-02,2,2
614,1871-03,2,2
615,1871-04,2,2
616,1871-05,2,2
617,1871-06,2,2
618,1871-07,3,3
619,1871-08,2,2
620,1871-09,2,2
621,1871-10,2,2
622,1871-11,2,2
623,1871-12,2,2
624,1872-01,4,4
625,1872-02,2,2
626,1872-03,2,2
627,1872-04,2,2
628,1872-05,2,2
629,1872-06,2,2
630,1872-07,2,2
631,1872-08,2,2
632,1872-09,2,2
633,1872-10,2,2
634,1872-11,3,3
635,1872-12,2,2
636,1873-01,4,4
637,1873-02,2,2
638,1873-03,2,2
639,1873-04,2,2
640,1873-05,2,2
641,1873-06,2,2
642,1873-07,2,2
643,1873-08,2,2
644,1873-09,2,2
645,1873-10,2,2
646,1873-11,2,2
647,1873-12,2,2
648,1874-01,4,4
649,1874-02,2,2
650,1874-03,2,2
651,1874-04,2,2
652,1874-05,3,3
653,1874-06,2,2
654,1874-07,2,2
655,1874-08,2,2
656,1874-09,2,2
657,1874-10,2,2
658,1874-11,2,2
659,1874-12,2,2
660,1875-01,4,4
661,1875-02,2,2
662,1875-03,2,2
663,1875-04,2,2
664,1875-05,2,2
665,1875-06,2,2
666,1875-07,2,2
667,1875-08,3,3
668,1875-09,2,2
669,1875-10,2,2
670,1875-11,2,2
671,1875-12,2,2
672,1876-01,4,4
673,1876-02,2,2
674,1876-03,2,2
675,1876-04,2,2
676,1876-05,2,2
677,1876-06,2,2
678,1876-07,2,2
679,1876-08,2,2
680,1876-09,2,2
681,1876-10,2,2
682,1876-11,2,2
683,1876-12,3,3
684,1877-01,4,4
685,1877-02,2,2
686,1877-03,2,2
687,1877-04,2,2
688,1877-05,2,2
689,1877-06,2,2
690,1877-07,2,2
691,1877-08,2,2
692,1877-09,2,2
693,1877-10,2,2
694,1877-11,2,2
695,1877-12,2,2
696,1878-01,4,4
697,1878-02,2,2
698,1878-03,2,2
699,1878-04,2,2
700,1878-05,2,2
701,1878-06,3,3
702,1878-07,2,2
703,1878-08,2,2
704,1878-09,2,2
705,1878-10,2,2
706,1878-11,2,2
707,1878-12,2,2
708,1879-01,4,4
709,1879-02,2,2
710,1879-03,2,2
711,1879-04,2,2
712,1879-05,2,2
713,1879-06,2,2
714,1879-07,2,2
715,1879-08,3,3
716,1879-09,2,2
717,1879-10,2,2
718,1879-11,2,2
719,1879-12,2,2
720,1880-01,4,4
721,1880-02,2,2
722,1880-03,2,2
723,1880-04,2,2
724,1880-05,2,2
725,1880-06,2,2
726,1880-07,2,2
727,1880-08,2,2
728,1880-09,2,2
729,1880-10,2,2
730,1880-11,2,2
731,1880-12,3,3
732,1881-01,4,4
733,1881-02,2,2
734,1881-03,2,2
735,1881-04,2,2
736,1881-05,2,2
737,1881-06,2,2
738,1881-07,2,2
739,1881-08,2,2
740,1881-09,2,2
741,1881-10,2,2
742,1881-11,2,2
743,1881-12,2,2
744,1882-01,4,4
745,1882-02,2,2
746,1882-03,2,2
747,1882-04,2,2
748,1882-05,2,2
749,1882-06,2,2
750,1882-07,3,3
751,1882-08,2,2
752,1882-09,2,2
753,1882-10,2,2
754,1882-11,2,2
755,1882-12,2,2
756,1883-01,4,4
757,1883-02,2,2
758,1883-03,2,2
759,1883-04,2,2
760,1883-05,2,2
761,1883-06,2,2
762,1883-07,2,2
763,1883-08,2,2
764,1883-09,2,2
765,1883-10,3,3
766,1883-11,2,2
767,1883-12,2,2
768,1884-01,4,4
769,1884-02,2,2
770,1884-03,2,2
771,1884-04,2,2
772,1884-05,2,2
773,1884-06,2,2
774,1884-07,2,2
775,1884-08,2,2
776,1884-09,2,2
777,1884-10,2,2
778,1884-11,2,2
779,1884-12,2,2
780,1885-01,5,5
781,1885-02,1,1
782,1885-03,3,3
783,1885-04,2,2
784,1885-05,2,2
785,1885-06,2,2
786,1885-07,2,2
787,1885-08,2,2
788,1885-09,2,2
789,1885-10,2,2
790,1885-11,2,2
791,1885-12,2,2
792,1886-01,4,4
793,1886-02,2,2
794,1886-03,2,2
795,1886-04,2,2
796,1886-05,2,2
797,1886-06,2,2
798,1886-07,3,3
799,1886-08,2,2
800,1886-09,2,2
801,1886-10,2,2
802,1886-11,2,2
803,1886-12,2,2
804,1887-01,4,4
805,1887-02,2,2
806,1887-03,2,2
807,1887-04,2,2
808,1887-05,2,2
809,1887-06,2,2
810,1887-07,2,2
811,1887-08,2,2
812,1887-09,2,2
813,1887-10,3,3
814,1887-11,2,2
815,1887-12,2,2
816,1888-01,4,4
817,1888-02,2,2
818,1888-03,2,2
819,1888-04,2,2
820,1888-05,2,2
821,1888-06,2,2
822,1888-07,2,2
823,1888-08,2,2
824,1888-09,2,2
825,1888-10,2,2
826,1888-11,2,2
827,1888-12,2,2
828,1889-01,5,5
829,1889-02,1,1
830,1889-03,3,3
831,1889-04,2,2
832,1889-05,2,2
833,1889-06,2,2
834,1889-07,2,2
835,1889-08,2,2
836,1889-09,2,2
837,1889-10,2,2
838,1889-11,2,2
839,1889-12,2,2
840,1890-01,4,4
841,1890-02,2,2
842,1890-03,2,2
843,1890-04,2,2
844,1890-05,2,2
845,1890-06,2,2
846,1890-07,3,3
847,1890-08,2,2
848,1890-09,2,2
849,1890-10,2,2
850,1890-11,2,2
851,1890-12,2,2
852,1891-01,4,4
853,1891-02,2,2
854,1891-03,2,2
855,1891-04,2,2
856,1891-05,2,2
857,1891-06,2,2
858,1891-07,2,2
859,1891-08,2,2
860,1891-09,2,2
861,1891-10,2,2
862,1891-11,2,2
863,1891-12,3,3
864,1892-01,4,4
865,1892-02,2,2
866,1892-03,2,2
867,1892-04,2,2
868,1892-05,2,2
869,1892-06,2,2
870,1892-07,2,2
871,1892-08,2,2
872,1892-09,2,2
873,1892-10,2,2
874,1892-11,2,2
875,1892-12,2,2
876,1893-01,4,4
877,1893-02,2,2
878,1893-03,2,2
879,1893-04,3,3
880,1893-05,2,2
881,1893-06,2,2
882,1893-07,2,2
883,1893-08,2,2
884,1893-09,2,2
885,1893-10,2,2
886,1893-11,2,2
887,1893-12,2,2
888,1894-01,4,4
889,1894-02,2,2
890,1894-03,2,2
891,1894-04,2,2
892,1894-05,2,2
893,1894-06,2,2
894,1894-07,2,2
895,1894-08,3,3
896,1894-09,2,2
897,1894-10,2,2
898,1894-11,2,2
899,1894-12,2,2
900,1895-01,4,4
901,1895-02,2,2
902,1895-03,2,2
903,1895-04,2,2
904,1895-05,2,2
905,1895-06,2,2
906,1895-07,2,2
907,1895-08,2,2
908,1895-09,2,2
909,1895-10,2,2
910,1895-11,2,2
911,1895-12,3,3
912,1896-01,4,4
913,1896-02,2,2
914,1896-03,2,2
915,1896-04,2,2
916,1896-05,2,2
917,1896-06,2,2
918,1896-07,2,2
919,1896-08,2,2
920,1896-09,2,2
921,1896-10,2,2
922,1896-11,2,2
923,1896-12,2,2
924,1897-01,4,4
925,1897-02,2,2
926,1897-03,2,2
927,1897-04,2,2
928,1897-05,3,3
929,1897-06,2,2
930,1897-07,2,2
931,1897-08,2,2
932,1897-09,2,2
933,1897-10,2,2
934,1897-11,2,2
935,1897-12,2,2
936,1898-01,4,4
937,1898-02,2,2
938,1898-03,2,2
939,1898-04,2,2
940,1898-05,2,2
941,1898-06,2,2
942,1898-07,2,2
943,1898-08,3,3
944,1898-09,2,2
945,1898-10,2,2
946,1898-11,2,2
947,1898-12,2,2
948,1899-01,4,4
949,1899-02,2,2
950,1899-03,2,2
951,1899-04,2,2
952,1899-05,2,2
953,1899-06,2,2
954,1899-07,2,2
955,1899-08,2,2
956,1899-09,2,2
957,1899-10,2,2
958,1899-11,2,2
959,1899-12,2,2
960,1900-01,5,5
961,1900-02,1,1
962,1900-03,3,3
963,1900-04,2,2
964,1900-05,2,2
965,1900-06,2,2
966,1900-07,2,2
967,1900-08,2,2
968,1900-09,2,2
969,1900-10,2,2
970,1900-11,2,2
971,1900-12,2,2
972,1901-01,4,4
973,1901-02,2,2
974,1901-03,2,2
975,1901-04,2,2
976,1901-05,2,2
977,1901-06,2,2
978,1901-07,3,3
979,1901-08,2,2
980,1901-09,2,2
981,1901-10,2,2
982,1901-11,2,2
983,1901-12,2,2
984,1902-01,4,4
985,1902-02,2,2
986,1902-03,2,2
987,1902-04,2,2
988,1902-05,2,2
989,1902-06,2,2
990,1902-07,2,2
991,1902-08,2,2
992,1902-09,2,2
993,1902-10,3,3
994,1902-11,2,2
995,1902-12,2,2
996,1903-01,4,4
997,1903-02,2,2
998,1903-03,2,2
999,1903-04,2,2
1000,1903-05,2,2
1001,1903-06,2,2
1002,1903-07,2,2
1003,1903-08,2,2
1004,1903-09,2,2
1005,1903-10,2,2
1006,1903-11,2,2
1007,1903-12,2,2
1008,1904-01,4,4
1009,1904-02,2,2
1010,1904-03,3,3
1011,1904-04,2,2
1012,1904-05,2,2
1013,1904-06,2,2
1014,1904-07,2,2
1015,1904-08,2,2
1016,1904-09,2,2
1017,1904-10,2,2
1018,1904-11,2,2
1019,1904-12,2,2
1020,1905-01,4,4
1021,1905-02,2,2
1022,1905-03,2,2
1023,1905-04,2,2
1024,1905-05,2,2
1025,1905-06,2,2
1026,1905-07,2,2
1027,1905-08,3,3
1028,1905-09,2,2
1029,1905-10,2,2
1030,1905-11,2,2
1031,1905-12,2,2
1032,1906-01,4,4
1033,1906-02,2,2
1034,1906-03,2,2
1035,1906-04,2,2
1036,1906-05,2,2
1037,1906-06,2,2
1038,1906-07,2,2
1039,1906-08,2,2
1040,1906-09,2,2
1041,1906-10,2,2
1042,1906-11,3,3
1043,1906-12,2,2
1044,1907-01,4,4
1045,1907-02,2,2
1046,1907-03,2,2
1047,1907-04,2,2
1048,1907-05,2,2
1049,1907-06,2,2
1050,1907-07,2,2
1051,1907-08,2,2
1052,1907-09,2,2
1053,1907-10,2,2
1054,1907-11,2,2
1055,1907-12,2,2
1056,1908-01,4,4
1057,1908-02,2,2
1058,1908-03,2,2
1059,1908-04,3,3
1060,1908-05,2,2
1061,1908-06,2,2
1062,1908-07,2,2
1063,1908-08,2,2
1064,1908-09,2,2
1065,1908-10,2,2
1066,1908-11,2,2
1067,1908-12,2,2
1068,1909-01,4,4
1069,1909-02,2,2
1070,1909-03,2,2
1071,1909-04,2,2
1072,1909-05,2,2
1073,1909-06,2,2
1074,1909-07,2,2
1075,1909-08,3,3
1076,1909-09,2,2
1077,1909-10,2,2
1078,1909-11,2,2
1079,1909-12,2,2
1080,1910-01,4,4
1081,1910-02,2,2
1082,1910-03,2,2
1083,1910-04,2,2
1084,1910-05,2,2
1085,1910-06,2,2
1086,1910-07,2,2
1087,1910-08,2,2
1088,1910-09,2,2
1089,1910-10,2,2
1090,1910-11,2,2
1091,1910-12,3,3
1092,1911-01,4,4
1093,1911-02,1,1
1094,1911-03,3,3
1095,1911-04,2,2
1096,1911-05,2,2
1097,1911-06,2,2
1098,1911-07,2,2
1099,1911-08,2,2
1100,1911-09,2,2
1101,1911-10,2,2
1102,1911-11,2,2
1103,1911-12,2,2
1104,1912-01,4,4
1105,1912-02,2,2
1106,1912-03,2,2
1107,1912-04,2,2
1108,1912-05,3,3
1109,1912-06,2,2
1110,1912-07,2,2
1111,1912-08,2,2
1112,1912-09,2,2
1113,1912-10,2,2
1114,1912-11,2,2
1115,1912-12,2,2
1116,1913-01,4,4
1117,1913-02,2,2
1118,1913-03,2,2
1119,1913-04,2,2
1120,1913-05,2,2
1121,1913-06,2,2
1122,1913-07,2,2
1123,1913-08,3,3
1124,1913-09,2,2
1125,1913-10,2,2
1126,1913-11,2,2
1127,1913-12,2,2
1128,1914-01,4,4
1129,1914-02,2,2
1130,1914-03,2,2
1131,1914-04,2,2
1132,1914-05,2,2
1133,1914-06,2,2
1134,1914-07,2,2
1135,1914-08,2,2
1136,1914-09,2,2
1137,1914-10,2,2
1138,1914-11,2,2
1139,1914-12,2,2
1140,1915-01,5,5
1141,1915-02,1,1
1142,1915-03,3,3
1143,1915-04,2,2
1144,1915-05,2,2
1145,1915-06,2,2
1146,1915-07,2,2
1147,1915-08,2,2
1148,1915-09,2,2
1149,1915-10,2,2
1150,1915-11,2,2
1151,1915-12,2,2
1152,1916-01,4,4
1153,1916-02,2,2
1154,1916-03,2,2
1155,1916-04,2,2
1156,1916-05,3,3
1157,1916-06,2,2
1158,1916-07,2,2
1159,1916-08,2,2
1160,1916-09,2,2
1161,1916-10,2,2
1162,1916-11,2,2
1163,1916-12,2,2
1164,1917-01,4,4
1165,1917-02,2,2
1166,1917-03,2,2
1167,1917-04,2,2
1168,1917-05,2,2
1169,1917-06,2,2
1170,1917-07,2,2
1171,1917-08,2,2
1172,1917-09,3,3
1173,1917-10,2,2
1174,1917-11,2,2
1175,1917-12,2,2
1176,1918-01,4,4
1177,1918-02,2,2
1178,1918-03,2,2
1179,1918-04,2,2
1180,1918-05,2,2
1181,1918-06,2,2
1182,1918-07,2,2
1183,1918-08,2,2
1184,1918-09,2,2
1185,1918-10,2,2
1186,1918-11,2,2
1187,1918-12,2,2
1188,1919-01,5,5
1189,1919-02,1,1
1190,1919-03,3,3
1191,1919-04,2,2
1192,1919-05,2,2
1193,1919-06,2,2
1194,1919-07,2,2
1195,1919-08,2,2
1196,1919-09,2,2
1197,1919-10,2,2
1198,1919-11,2,2
1199,1919-12,2,2
1200,1920-01,4,4
1201,1920-02,2,2
1202,1920-03,2,2
1203,1920-04,2,2
1204,1920-05,2,2
1205,1920-06,2,2
1206,1920-07,3,3
1207,1920-08,2,2
1208,1920-09,2,2
1209,1920-10,2,2
1210,1920-11,2,2
1211,1920-12,2,2
1212,1921-01,4,4
1213,1921-02,2,2
1214,1921-03,2,2
1215,1921-04,2,2
1216,1921-05,2,2
1217,1921-06,2,2
1218,1921-07,2,2
1219,1921-08,2,2
1220,1921-09,2,2
1221,1921-10,3,3
1222,1921-11,2,2
1223,1921-12,2,2
1224,1922-01,4,4
1225,1922-02,2,2
1226,1922-03,2,2
1227,1922-04,2,2
1228,1922-05,2,2
1229,1922-06,2,2
1230,1922-07,2,2
1231,1922-08,2,2
1232,1922-09,2,2
1233,1922-10,2,2
1234,1922-11,2,2
1235,1922-12,2,2
1236,1923-01,4,4
1237,1923-02,2,2
1238,1923-03,2,2
1239,1923-04,3,3
1240,1923-05,2,2
1241,1923-06,2,2
1242,1923-07,2,2
1243,1923-08,2,2
1244,1923-09,2,2
1245,1923-10,2,2
1246,1923-11,2,2
1247,1923-12,2,2
1248,1924-01,4,4
1249,1924-02,2,2
1250,1924-03,2,2
1251,1924-04,2,2
1252,1924-05,2,2
1253,1924-06,2,2
1254,1924-07,3,3
1255,1924-08,2,2
1256,1924-09,2,2
1257,1924-10,2,2
1258,1924-11,2,2
1259,1924-12,2,2
1260,1925-01,4,4
1261,1925-02,2,2
1262,1925-03,2,2
1263,1925-04,2,2
1264,1925-05,2,2
1265,1925-06,2,2
1266,1925-07,2,2
1267,1925-08,2,2
1268,1925-09,2,2
1269,1925-10,3,3
1270,1925-11,2,2
1271,1925-12,2,2
1272,1926-01,4,4
1273,1926-02,2,2
1274,1926-03,2,2
1275,1926-04,2,2
1276,1926-05,2,2
1277,1926-06,2,2
1278,1926-07,2,2
1279,1926-08,2,2
1280,1926-09,2,2
1281,1926-10,2,2
1282,1926-11,2,2
1283,1926-12,2,2
1284,1927-01,4,4
1285,1927-02,2,2
1286,1927-03,2,2
1287,1927-04,2,2
1288,1927-05,3,3
1289,1927-06,2,2
1290,1927-07,2,2
1291,1927-08,2,2
1292,1927-09,2,2
1293,1927-10,2,2
1294,1927-11,2,2
1295,1927-12,2,2
1296,1928-01,4,4
1297,1928-02,2,2
1298,1928-03,2,2
1299,1928-04,2,2
1300,1928-05,2,2
1301,1928-06,2,2
1302,1928-07,2,2
1303,1928-08,3,3
1304,1928-09,2,2
1305,1928-10,2,2
1306,1928-11,2,2
1307,1928-12,2,2
1308,1929-01,4,4
1309,1929-02,2,2
1310,1929-03,2,2
1311,1929-04,2,2
1312,1929-05,2,2
1313,1929-06,2,2
1314,1929-07,2,2
1315,1929-08,2,2
1316,1929-09,2,2
1317,1929-10,2,2
1318,1929-11,2,2
1319,1929-12,3,3
1320,1930-01,4,4
1321,1930-02,2,2
1322,1930-03,2,2
1323,1930-04,2,2
1324,1930-05,2,2
1325,1930-06,2,2
1326,1930-07,2,2
1327,1930-08,2,2
1328,1930-09,2,2
1329,1930-10,2,2
1330,1930-11,2,2
1331,1930-12,2,2
1332,1931-01,4,4
1333,1931-02,2,2
1334,1931-03,2,2
1335,1931-04,2,2
1336,1931-05,3,3
1337,1931-06,2,2
1338,1931-07,2,2
1339,1931-08,2,2
1340,1931-09,2,2
1341,1931-10,2,2
1342,1931-11,2,2
1343,1931-12,2,2
1344,1932-01,4,4
1345,1932-02,2,2
1346,1932-03,2,2
1347,1932-04,2,2
1348,1932-05,2,2
1349,1932-06,2,2
1350,1932-07,2,2
1351,1932-08,3,3
1352,1932-09,2,2
1353,1932-10,2,2
1354,1932-11,2,2
1355,1932-12,2,2
1356,1933-01,4,4
1357,1933-02,2,2
1358,1933-03,2,2
1359,1933-04,2,2
1360,1933-05,2,2
1361,1933-06,2,2
1362,1933-07,2,2
1363,1933-08,2,2
1364,1933-09,2,2
1365,1933-10,2,2
1366,1933-11,2,2
1367,1933-12,3,3
1368,1934-01,4,4
1369,1934-02,1,1
1370,1934-03,3,3
1371,1934-04,2,2
1372,1934-05,2,2
1373,1934-06,2,2
1374,1934-07,2,2
1375,1934-08,2,2
1376,1934-09,2,2
1377,1934-10,2,2
1378,1934-11,2,2
1379,1934-12,2,2
1380,1935-01,4,4
1381,1935-02,2,2
1382,1935-03,2,2
1383,1935-04,2,2
1384,1935-05,2,2
1385,1935-06,3,3
1386,1935-07,2,2
1387,1935-08,2,2
1388,1935-09,2,2
1389,1935-10,2,2
1390,1935-11,2,2
1391,1935-12,2,2
1392,1936-01,4,4
1393,1936-02,2,2
1394,1936-03,2,2
1395,1936-04,2,2
1396,1936-05,2,2
1397,1936-06,2,2
1398,1936-07,2,2
1399,1936-08,2,2
1400,1936-09,3,3
1401,1936-10,2,2
1402,1936-11,2,2
1403,1936-12,2,2
1404,1937-01,4,4
1405,1937-02,2,2
1406,1937-03,2,2
1407,1937-04,2,2
1408,1937-05,2,2
1409,1937-06,2,2
1410,1937-07,2,2
1411,1937-08,2,2
1412,1937-09,2,2
1413,1937-10,2,2
1414,1937-11,2,2
1415,1937-12,2,2
1416,1938-01,5,5
1417,1938-02,1,1
1418,1938-03,3,3
1419,1938-04,2,2
1420,1938-05,2,2
1421,1938-06,2,2
1422,1938-07,2,2
1423,1938-08,2,2
1424,1938-09,2,2
1425,1938-10,2,2
1426,1938-11,2,2
1427,1938-12,2,2
1428,1939-01,4,4
1429,1939-02,2,2
1430,1939-03,2,2
1431,1939-04,2,2
1432,1939-05,2,2
1433,1939-06,2,2
1434,1939-07,3,3
1435,1939-08,2,2
1436,1939-09,2,2
1437,1939-10,2,2
1438,1939-11,2,2
1439,1939-12,2,2
1440,1940-01,4,4
1441,1940-02,2,2
1442,1940-03,2,2
1443,1940-04,2,2
1444,1940-05,2,2
1445,1940-06,2,2
1446,1940-07,2,2
1447,1940-08,2,2
1448,1940-09,2,2
1449,1940-10,3,3
1450,1940-11,2,2
1451,1940-12,2,2
1452,1941-01,4,4
1453,1941-02,2,2
1454,1941-03,2,2
1455,1941-04,2,2
1456,1941-05,2,2
1457,1941-06,2,2
1458,1941-07,2,2
1459,1941-08,2,2
1460,1941-09,2,2
1461,1941-10,2,2
1462,1941-11,2,2
1463,1941-12,2,2
1464,1942-01,4,4
1465,1942-02,2,2
1466,1942-03,2,2
1467,1942-04,3,3
1468,1942-05,2,2
1469,1942-06,2,2
1470,1942-07,2,2
1471,1942-08,2,2
1472,1942-09,2,2
1473,1942-10,2,2
1474,1942-11,2,2
1475,1942-12,2,2
1476,1943-01,4,4
1477,1943-02,2,2
1478,1943-03,2,2
1479,1943-04,2,2
1480,1943-05,2,2
1481,1943-06,2,2
1482,1943-07,2,2
1483,1943-08,3,3
1484,1943-09,2,2
1485,1943-10,2,2
1486,1943-11,2,2
1487,1943-12,2,2
1488,1944-01,4,4
1489,1944-02,2,2
1490,1944-03,2,2
1491,1944-04,2,2
1492,1944-05,2,2
1493,1944-06,2,2
1494,1944-07,2,2
1495,1944-08,2,2
1496,1944-09,2,2
1497,1944-10,3,3
1498,1944-11,2,2
1499,1944-12,2,2
1500,1945-01,4,4
1501,1945-02,2,2
1502,1945-03,2,2
1503,1945-04,2,2
1504,1945-05,2,2
1505,1945-06,2,2
1506,1945-07,2,2
1507,1945-08,2,2
1508,1945-09,2,2
1509,1945-10,2,2
1510,1945-11,2,2
1511,1945-12,2,2
1512,1946-01,4,4
1513,1946-02,2,2
1514,1946-03,2,2
1515,1946-04,2,2
1516,1946-05,3,3
1517,1946-06,2,2
1518,1946-07,2,2
1519,1946-08,2,2
1520,1946-09,2,2
1521,1946-10,2,2
1522,1946-11,2,2
1523,1946-12,2,2
1524,1947-01,4,4
1525,1947-02,2,2
1526,1947-03,2,2
1527,1947-04,2,2
1528,1947-05,2,2
1529,1947-06,2,2
1530,1947-07,2,2
1531,1947-08,3,3
1532,1947-09,2,2
1533,1947-10,2,2
1534,1947-11,2,2
1535,1947-12,2,2
1536,1948-01,4,4
1537,1948-02,2,2
1538,1948-03,2,2
1539,1948-04,2,2
1540,1948-05,2,2
1541,1948-06,2,2
1542,1948-07,2,2
1543,1948-08,2,2
1544,1948-09,2,2
1545,1948-10,2,2
1546,1948-11,3,3
1547,1948-12,2,2
1548,1949-01,4,4
1549,1949-02,2,2
1550,1949-03,2,2
1551,1949-04,2,2
1552,1949-05,2,2
1553,1949-06,2,2
1554,1949-07,2,2
1555,1949-08,2,2
1556,1949-09,2,2
1557,1949-10,2,2
1558,1949-11,2,2
1559,1949-12,2,2
1560,1950-01,4,4
1561,1950-02,2,2
1562,1950-03,2,2
1563,1950-04,2,2
1564,1950-05,3,3
1565,1950-06,2,2
1566,1950-07,2,2
1567,1950-08,2,2
1568,1950-09,2,2
1569,1950-10,2,2
1570,1950-11,2,2
1571,1950-12,2,2
1572,1951-01,4,4
1573,1951-02,2,2
1574,1951-03,2,2
1575,1951-04,2,2
1576,1951-05,2,2
1577,1951-06,2,2
1578,1951-07,2,2
1579,1951-08,2,2
1580,1951-09,2,2
1581,1951-10,3,3
1582,1951-11,2,2
1583,1951-12,2,2
1584,1952-01,4,4
1585,1952-02,2,2
1586,1952-03,2,2
1587,1952-04,2,2
1588,1952-05,2,2
1589,1952-06,2,2
1590,1952-07,2,2
1591,1952-08,2,2
1592,1952-09,2,2
1593,1952-10,2,2
1594,1952-11,2,2
1595,1952-12,3,3
1596,1953-01,4,4
1597,1953-02,2,2
1598,1953-03,2,2
1599,1953-04,2,2
1600,1953-05,2,2
1601,1953-06,2,2
1602,1953-07,2,2
1603,1953-08,2,2
1604,1953-09,2,2
1605,1953-10,2,2
1606,1953-11,2,2
1607,1953-12,2,2
1608,1954-01,4,4
1609,1954-02,2,2
1610,1954-03,2,2
1611,1954-04,2,2
1612,1954-05,2,2
1613,1954-06,3,3
1614,1954-07,2,2
1615,1954-08,2,2
1616,1954-09,2,2
1617,1954-10,2,2
1618,1954-11,2,2
1619,1954-12,2,2
1620,1955-01,4,4
1621,1955-02,2,2
1622,1955-03,2,2
1623,1955-04,2,2
1624,1955-05,2,2
1625,1955-06,2,2
1626,1955-07,2,2
1627,1955-08,2,2
1628,1955-09,2,2
1629,1955-10,3,3
1630,1955-11,2,2
1631,1955-12,2,2
1632,1956-01,4,4
1633,1956-02,2,2
1634,1956-03,2,2
1635,1956-04,2,2
1636,1956-05,2,2
1637,1956-06,2,2
1638,1956-07,2,2
1639,1956-08,2,2
1640,1956-09,2,2
1641,1956-10,2,2
1642,1956-11,2,2
1643,1956-12,2,2
1644,1957-01,5,5
1645,1957-02,1,1
1646,1957-03,3,3
1647,1957-04,2,2
1648,1957-05,2,2
1649,1957-06,2,2
1650,1957-07,2,2
1651,1957-08,2,2
1652,1957-09,2,2
1653,1957-10,2,2
1654,1957-11,2,2
1655,1957-12,2,2
1656,1958-01,4,4
1657,1958-02,2,2
1658,1958-03,2,2
1659,1958-04,2,2
1660,1958-05,2,2
1661,1958-06,2,2
1662,1958-07,3,3
1663,1958-08,2,2
1664,1958-09,2,2
1665,1958-10,2,2
1666,1958-11,2,2
1667,1958-12,2,2
1668,1959-01,4,4
1669,1959-02,2,2
1670,1959-03,2,2
1671,1959-04,2,2
1672,1959-05,2,2
1673,1959-06,2,2
1674,1959-07,2,2
1675,1959-08,2,2
1676,1959-09,2,2
1677,1959-10,3,3
1678,1959-11,2,2
1679,1959-12,2,2
1680,1960-01,4,4
1681,1960-02,2,2
1682,1960-03,2,2
1683,1960-04,2,2
1684,1960-05,2,2
1685,1960-06,2,2
1686,1960-07,2,2
1687,1960-08,2,2
1688,1960-09,2,2
1689,1960-10,2,2
1690,1960-11,2,2
1691,1960-12,2,2
1692,1961-01,5,5
1693,1961-02,1,1
1694,1961-03,2,2
1695,1961-04,3,3
1696,1961-05,2,2
1697,1961-06,2,2
1698,1961-07,2,2
1699,1961-08,2,2
1700,1961-09,2,2
1701,1961-10,2,2
1702,1961-11,2,2
1703,1961-12,2,2
1704,1962-01,4,4
1705,1962-02,2,2
1706,1962-03,2,2
1707,1962-04,2,2
1708,1962-05,2,2
1709,1962-06,2,2
1710,1962-07,3,3
1711,1962-08,2,2
1712,1962-09,2,2
1713,1962-10,2,2
1714,1962-11,2,2
1715,1962-12,2,2
1716,1963-01,4,4
1717,1963-02,2,2
1718,1963-03,2,2
1719,1963-04,2,2
1720,1963-05,2,2
1721,1963-06,2,2
1722,1963-07,2,2
1723,1963-08,2,2
1724,1963-09,2,2
1725,1963-10,2,2
1726,1963-11,3,3
1727,1963-12,2,2
1728,1964-01,4,4
1729,1964-02,2,2
1730,1964-03,2,2
1731,1964-04,2,2
1732,1964-05,2,2
1733,1964-06,2,2
1734,1964-07,2,2
1735,1964-08,2,2
1736,1964-09,2,2
1737,1964-10,2,2
1738,1964-11,2,2
1739,1964-12,2,2
1740,1965-01,4,4
1741,1965-02,2,2
1742,1965-03,2,2
1743,1965-04,2,2
1744,1965-05,3,3
1745,1965-06,2,2
1746,1965-07,2,2
1747,1965-08,2,2
1748,1965-09,2,2
1749,1965-10,2,2
1750,1965-11,2,2
1751,1965-12,2,2
1752,1966-01,4,4
1753,1966-02,2,2
1754,1966-03,2,2
1755,1966-04,2,2
1756,1966-05,2,2
1757,1966-06,2,2
1758,1966-07,2,2
1759,1966-08,3,3
1760,1966-09,2,2
1761,1966-10,2,2
1762,1966-11,2,2
1763,1966-12,2,2
1764,1967-01,4,4
1765,1967-02,2,2
1766,1967-03,2,2
1767,1967-04,2,2
1768,1967-05,2,2
1769,1967-06,2,2
1770,1967-07,2,2
1771,1967-08,2,2
1772,1967-09,2,2
1773,1967-10,2,2
1774,1967-11,2,2
1775,1967-12,3,3
1776,1968-01,4,4
1777,1968-02,2,2
1778,1968-03,2,2
1779,1968-04,2,2
1780,1968-05,2,2
1781,1968-06,2,2
1782,1968-07,2,2
1783,1968-08,2,2
1784,1968-09,2,2
1785,1968-10,2,2
1786,1968-11,2,2
1787,1968-12,2,2
1788,1969-01,4,4
1789,1969-02,2,2
1790,1969-03,2,2
1791,1969-04,2,2
1792,1969-05,3,3
1793,1969-06,2,2
1794,1969-07,2,2
1795,1969-08,2,2
1796,1969-09,2,2
1797,1969-10,2,2
1798,1969-11,2,2
1799,1969-12,2,2
1800,1970-01,4,4
1801,1970-02,2,2
1802,1970-03,2,2
1803,1970-04,2,2
1804,1970-05,2,2
1805,1970-06,2,2
1806,1970-07,2,2
1807,1970-08,3,3
1808,1970-09,2,2
1809,1970-10,2,2
1810,1970-11,2,2
1811,1970-12,2,2
1812,1971-01,4,4
1813,1971-02,2,2
1814,1971-03,2,2
1815,1971-04,2,2
1816,1971-05,2,2
1817,1971-06,2,2
1818,1971-07,2,2
1819,1971-08,2,2
1820,1971-09,2,2
1821,1971-10,2,2
1822,1971-11,2,2
1823,1971-12,3,3
1824,1972-01,4,4
1825,1972-02,2,2
1826,1972-03,2,2
1827,1972-04,2,2
1828,1972-05,2,2
1829,1972-06,2,2
1830,1972-07,2,2
1831,1972-08,2,2
1832,1972-09,2,2
1833,1972-10,2,2
1834,1972-11,2,2
1835,1972-12,2,2
1836,1973-01,4,4
1837,1973-02,2,2
1838,1973-03,2,2
1839,1973-04,2,2
1840,1973-05,2,2
1841,1973-06,3,3
1842,1973-07,2,2
1843,1973-08,2,2
1844,1973-09,2,2
1845,1973-10,2,2
1846,1973-11,2,2
1847,1973-12,2,2
1848,1974-01,4,4
1849,1974-02,2,2
1850,1974-03,2,2
1851,1974-04,2,2
1852,1974-05,2,2
1853,1974-06,2,2
1854,1974-07,2,2
1855,1974-08,2,2
1856,1974-09,2,2
1857,1974-10,3,3
1858,1974-11,2,2
1859,1974-12,2,2
1860,1975-01,4,4
1861,1975-02,2,2
1862,1975-03,2,2
1863,1975-04,2,2
1864,1975-05,2,2
1865,1975-06,2,2
1866,1975-07,2,2
1867,1975-08,2,2
1868,1975-09,2,2
1869,1975-10,2,2
1870,1975-11,2,2
1871,1975-12,2,2
1872,1976-01,5,5
1873,1976-02,2,2
1874,1976-03,2,2
1875,1976-04,2,2
1876,1976-05,2,2
1877,1976-06,2,2
1878,1976-07,2,2
1879,1976-08,2,2
1880,1976-09,2,2
1881,1976-10,2,2
1882,1976-11,2,2
1883,1976-12,2,2
1884,1977-01,4,4
1885,1977-02,2,2
1886,1977-03,2,2
1887,1977-04,2,2
1888,1977-05,2,2
1889,1977-06,2,2
1890,1977-07,3,3
1891,1977-08,2,2
1892,1977-09,2,2
1893,1977-10,2,2
1894,1977-11,2,2
1895,1977-12,2,2
1896,1978-01,4,4
1897,1978-02,2,2
1898,1978-03,2,2
1899,1978-04,2,2
1900,1978-05,2,2
1901,1978-06,2,2
1902,1978-07,2,2
1903,1978-08,2,2
1904,1978-09,2,2
1905,1978-10,3,3
1906,1978-11,2,2
1907,1978-12,2,2
1908,1979-01,4,4
1909,1979-02,2,2
1910,1979-03,2,2
1911,1979-04,2,2
1912,1979-05,2,2
1913,1979-06,2,2
1914,1979-07,2,2
1915,1979-08,2,2
1916,1979-09,2,2
1917,1979-10,2,2
1918,1979-11,2,2
1919,1979-12,2,2
1920,1980-01,4,4
1921,1980-02,2,2
1922,1980-03,3,3
1923,1980-04,2,2
1924,1980-05,2,2
1925,1980-06,2,2
1926,1980-07,2,2
1927,1980-08,2,2
1928,1980-09,2,2
1929,1980-10,2,2
1930,1980-11,2,2
1931,1980-12,2,2
1932,1981-01,4,4
1933,1981-02,2,2
1934,1981-03,2,2
1935,1981-04,2,2
1936,1981-05,2,2
1937,1981-06,2,2
1938,1981-07,3,3
1939,1981-08,2,2
1940,1981-09,2,2
1941,1981-10,2,2
1942,1981-11,2,2
1943,1981-12,2,2
1944,1982-01,4,4
1945,1982-02,2,2
1946,1982-03,2,2
1947,1982-04,2,2
1948,1982-05,2,2
1949,1982-06,2,2
1950,1982-07,2,2
1951,1982-08,2,2
1952,1982-09,2,2
1953,1982-10,2,2
1954,1982-11,2,2
1955,1982-12,3,3
1956,1983-01,4,4
1957,1983-02,2,2
1958,1983-03,2,2
1959,1983-04,2,2
1960,1983-05,2,2
1961,1983-06,2,2
1962,1983-07,2,2
1963,1983-08,2,2
1964,1983-09,2,2
1965,1983-10,2,2
1966,1983-11,2,2
1967,1983-12,2,2
1968,1984-01,4,4
1969,1984-02,2,2
1970,1984-03,2,2
1971,1984-04,2,2
1972,1984-05,3,3
1973,1984-06,2,2
1974,1984-07,2,2
1975,1984-08,2,2
1976,1984-09,2,2
1977,1984-10,2,2
1978,1984-11,2,2
1979,1984-12,2,2
1980,1985-01,4,4
1981,1985-02,2,2
1982,1985-03,2,2
1983,1985-04,2,2
1984,1985-05,2,2
1985,1985-06,2,2
1986,1985-07,3,3
1987,1985-08,2,2
1988,1985-09,2,2
1989,1985-10,2,2
1990,1985-11,2,2
1991,1985-12,2,2
1992,1986-01,4,4
1993,1986-02,2,2
1994,1986-03,2,2
1995,1986-04,2,2
1996,1986-05,2,2
1997,1986-06,2,2
1998,1986-07,2,2
1999,1986-08,2,2
2000,1986-09,2,2
2001,1986-10,2,2
2002,1986-11,2,2
2003,1986-12,3,3
2004,1987-01,4,4
2005,1987-02,2,2
2006,1987-03,2,2
2007,1987-04,2,2
2008,1987-05,2,2
2009,1987-06,2,2
2010,1987-07,2,2
2011,1987-08,2,2
2012,1987-09,2,2
2013,1987-10,2,2
2014,1987-11,2,2
2015,1987-12,2,2
2016,1988-01,4,4
2017,1988-02,2,2
2018,1988-03,2,2
2019,1988-04,2,2
2020,1988-05,3,3
2021,1988-06,2,2
2022,1988-07,2,2
2023,1988-08,2,2
2024,1988-09,2,2
2025,1988-10,2,2
2026,1988-11,2,2
2027,1988-12,2,2
2028,1989-01,4,4
2029,1989-02,2,2
2030,1989-03,2,2
2031,1989-04,2,2
2032,1989-05,2,2
2033,1989-06,2,2
2034,1989-07,2,2
2035,1989-08,3,3
2036,1989-09,2,2
2037,1989-10,2,2
2038,1989-11,2,2
2039,1989-12,2,2
2040,1990-01,4,4
2041,1990-02,2,2
2042,1990-03,2,2
2043,1990-04,2,2
2044,1990-05,2,2
2045,1990-06,2,2
2046,1990-07,2,2
2047,1990-08,2,2
2048,1990-09,2,2
2049,1990-10,2,2
2050,1990-11,2,2
2051,1990-12,3,3
2052,1991-01,4,4
2053,1991-02,2,2
2054,1991-03,2,2
2055,1991-04,2,2
2056,1991-05,2,2
2057,1991-06,2,2
2058,1991-07,2,2
2059,1991-08,2,2
2060,1991-09,2,2
2061,1991-10,2,2
2062,1991-11,2,2
2063,1991-12,2,2
2064,1992-01,4,4
2065,1992-02,2,2
2066,1992-03,2,2
2067,1992-04,2,2
2068,1992-05,2,2
2069,1992-06,3,3
2070,1992-07,2,2
2071,1992-08,2,2
2072,1992-09,2,2
2073,1992-10,2,2
2074,1992-11,2,2
2075,1992-12,2,2
2076,1993-01,4,4
2077,1993-02,2,2
2078,1993-03,2,2
2079,1993-04,2,2
2080,1993-05,2,2
2081,1993-06,2,2
2082,1993-07,2,2
2083,1993-08,2,2
2084,1993-09,3,3
2085,1993-10,2,2
2086,1993-11,2,2
2087,1993-12,2,2
2088,1994-01,4,4
2089,1994-02,2,2
2090,1994-03,2,2
2091,1994-04,2,2
2092,1994-05,2,2
2093,1994-06,2,2
2094,1994-07,2,2
2095,1994-08,2,2
2096,1994-09,2,2
2097,1994-10,2,2
2098,1994-11,2,2
2099,1994-12,2,2
2100,1995-01,5,5
2101,1995-02,1,1
2102,1995-03,3,3
2103,1995-04,2,2
2104,1995-05,2,2
2105,1995-06,2,2
2106,1995-07,2,2
2107,1995-08,2,2
2108,1995-09,2,2
2109,1995-10,2,2
2110,1995-11,2,2
2111,1995-12,2,2
2112,1996-01,4,4
2113,1996-02,2,2
2114,1996-03,2,2
2115,1996-04,2,2
2116,1996-05,2,2
2117,1996-06,2,2
2118,1996-07,3,3
2119,1996-08,2,2
2120,1996-09,2,2
2121,1996-10,2,2
2122,1996-11,2,2
2123,1996-12,2,2
2124,1997-01,4,4
2125,1997-02,2,2
2126,1997-03,2,2
2127,1997-04,2,2
2128,1997-05,2,2
2129,1997-06,2,2
2130,1997-07,2,2
2131,1997-08,2,2
2132,1997-09,2,2
2133,1997-10,3,3
2134,1997-11,2,2
2135,1997-12,2,2
2136,1998-01,4,4
2137,1998-02,2,2
2138,1998-03,2,2
2139,1998-04,2,2
2140,1998-05,2,2
2141,1998-06,2,2
2142,1998-07,2,2
2143,1998-08,2,2
2144,1998-09,2,2
2145,1998-10,2,2
2146,1998-11,2,2
2147,1998-12,2,2
2148,1999-01,5,5
2149,1999-02,1,1
2150,1999-03,3,3
2151,1999-04,2,2
2152,1999-05,2,2
2153,1999-06,2,2
2154,1999-07,2,2
2155,1999-08,2,2
2156,1999-09,2,2
2157,1999-10,2,2
2158,1999-11,2,2
2159,1999-12,2,2
2160,2000-01,4,4
2161,2000-02,2,2
2162,2000-03,2,2
2163,2000-04,2,2
2164,2000-05,2,2
2165,2000-06,2,2
2166,2000-07,3,3
2167,2000-08,2,2
2168,2000-09,2,2
2169,2000-10,2,2
2170,2000-11,2,2
2171,2000-12,2,2
2172,2001-01,4,4
2173,2001-02,2,2
2174,2001-03,2,2
2175,2001-04,2,2
2176,2001-05,2,2
2177,2001-06,2,2
2178,2001-07,2,2
2179,2001-08,2,2
2180,2001-09,2,2
2181,2001-10,2,2
2182,2001-11,3,3
2183,2001-12,2,2
2184,2002-01,4,4
2185,2002-02,2,2
2186,2002-03,2,2
2187,2002-04,2,2
2188,2002-05,2,2
2189,2002-06,2,2
2190,2002-07,2,2
2191,2002-08,2,2
2192,2002-09,2,2
2193,2002-10,2,2
2194,2002-11,2,2
2195,2002-12,2,2
2196,2003-01,4,4
2197,2003-02,2,2
2198,2003-03,2,2
2199,2003-04,2,2
2200,2003-05,3,3
2201,2003-06,2,2
2202,2003-07,2,2
2203,2003-08,2,2
2204,2003-09,2,2
2205,2003-10,2,2
2206,2003-11,2,2
2207,2003-12,2,2
2208,2004-01,4,4
2209,2004-02,2,2
2210,2004-03,2,2
2211,2004-04,2,2
2212,2004-05,2,2
2213,2004-06,2,2
2214,2004-07,3,3
2215,2004-08,2,2
2216,2004-09,2,2
2217,2004-10,2,2
2218,2004-11,2,2
2219,2004-12,2,2
2220,2005-01,4,4
2221,2005-02,2,2
2222,2005-03,2,2
2223,2005-04,2,2
2224,2005-05,2,2
2225,2005-06,2,2
2226,2005-07,2,2
2227,2005-08,2,2
2228,2005-09,2,2
2229,2005-10,2,2
2230,2005-11,2,2
2231,2005-12,3,3
2232,2006-01,4,4
2233,2006-02,2,2
2234,2006-03,2,2
2235,2006-04,2,2
2236,2006-05,2,2
2237,2006-06,2,2
2238,2006-07,2,2
2239,2006-08,2,2
2240,2006-09,2,2
2241,2006-10,2,2
2242,2006-11,2,2
2243,2006-12,2,2
2244,2007-01,4,4
2245,2007-02,2,2
2246,2007-03,2,2
2247,2007-04,2,2
2248,2007-05,2,2
2249,2007-06,3,3
2250,2007-07,2,2
2251,2007-08,2,2
2252,2007-09,2,2
2253,2007-10,2,2
2254,2007-11,2,2
2255,2007-12,2,2
2256,2008-01,4,4
2257,2008-02,2,2
2258,2008-03,2,2
2259,2008-04,2,2
2260,2008-05,2,2
2261,2008-06,2,2
2262,2008-07,2,2
2263,2008-08,3,3
2264,2008-09,2,2
2265,2008-10,2,2
2266,2008-11,2,2
2267,2008-12,2,2
2268,2009-01,4,4
2269,2009-02,2,2
2270,2009-03,2,2
2271,2009-04,2,2
2272,2009-05,2,2
2273,2009-06,2,2
2274,2009-07,2,2
2275,2009-08,2,2
2276,2009-09,2,2
2277,2009-10,2,2
2278,2009-11,2,2
2279,2009-12,3,3
2280,2010-01,4,4
2281,2010-02,2,2
2282,2010-03,2,2
2283,2010-04,2,2
2284,2010-05,2,2
2285,2010-06,2,2
2286,2010-07,2,2
2287,2010-08,2,2
2288,2010-09,2,2
2289,2010-10,2,2
2290,2010-11,2,2
2291,2010-12,2,2
2292,2011-01,4,4
2293,2011-02,2,2
2294,2011-03,2,2
2295,2011-04,2,2
2296,2011-05,2,2
2297,2011-06,2,2
2298,2011-07,3,3
2299,2011-08,2,2
2300,2011-09,2,2
2301,2011-10,2,2
2302,2011-11,2,2
2303,2011-12,2,2
2304,2012-01,4,4
2305,2012-02,2,2
2306,2012-03,2,2
2307,2012-04,2,2
2308,2012-05,2,2
2309,2012-06,2,2
2310,2012-07,2,2
2311,2012-08,3,3
2312,2012-09,2,2
2313,2012-10,2,2
2314,2012-11,2,2
2315,2012-12,2,2
2316,2013-01,4,4
2317,2013-02,2,2
2318,2013-03,2,2
2319,2013-04,2,2
2320,2013-05,2,2
2321,2013-06,2,2
2322,2013-07,2,2
2323,2013-08,2,2
2324,2013-09,2,2
2325,2013-10,2,2
2326,2013-11,2,2
2327,2013-12,2,2
2328,2014-01,5,5
2329,2014-02,1,1
2330,2014-03,3,3
2331,2014-04,2,2
2332,2014-05,2,2
2333,2014-06,2,2
2334,2014-07,2,2
2335,2014-08,2,2
2336,2014-09,2,2
2337,2014-10,2,2
2338,2014-11,2,2
2339,2014-12,2,2
2340,2015-01,4,4
2341,2015-02,2,2
2342,2015-03,2,2
2343,2015-04,2,2
2344,2015-05,2,2
2345,2015-06,2,2
2346,2015-07,3,3
2347,2015-08,2,2
2348,2015-09,2,2
2349,2015-10,2,2
2350,2015-11,2,2
2351,2015-12,2,2
2352,2016-01,4,4
2353,2016-02,2,2
2354,2016-03,2,2
2355,2016-04,2,2
2356,2016-05,2,2
2357,2016-06,2,2
2358,2016-07,2,2
2359,2016-08,2,2
2360,2016-09,2,2
2361,2016-10,3,3
2362,2016-11,2,2
2363,2016-12,2,2
2364,2017-01,4,4
2365,2017-02,2,2
2366,2017-03,2,2
2367,2017-04,2,2
2368,2017-05,2,2
2369,2017-06,2,2
2370,2017-07,2,2
2371,2017-08,2,2
2372,2017-09,2,2
2373,2017-10,2,2
2374,2017-11,2,2
2375,2017-12,2,2
2376,2018-01,5,5
2377,2018-02,1,1
2378,2018-03,3,3
2379,2018-04,2,2
2380,2018-05,2,2
2381,2018-06,2,2
2382,2018-07,2,2
2383,2018-08,2,2
2384,2018-09,2,2
2385,2018-10,2,2
2386,2018-11,2,2
2387,2018-12,2,2
2388,2019-01,4,4
2389,2019-02,2,2
2390,2019-03,2,2
2391,2019-04,2,2
2392,2019-05,2,2
2393,2019-06,2,2
2394,2019-07,2,2
2395,2019-08,3,3
2396,2019-09,2,2
2397,2019-10,2,2
2398,2019-11,2,2
2399,2019-12,2,2
2400,2020-01,4,4
2401,2020-02,2,2
2402,2020-03,2,2
2403,2020-04,2,2
2404,2020-05,2,2
2405,2020-06,2,2
2406,2020-07,2,2
2407,2020-08,2,2
2408,2020-09,2,2
2409,2020-10,3,3
2410,2020-11,2,2
2411,2020-12,2,2
2412,2021-01,2,2
