,date,cgdppc|france,cgdppc|germany,cgdppc|spain,cgdppc|united states,rgdpnapc|france,rgdpnapc|germany,rgdpnapc|spain,rgdpnapc|united states
0,1915-01,4707,4290,4280,7434,5343,5856,3517,7434
1,1915-02,4707,4290,4280,7434,5343,5856,3517,7434
2,1915-03,4707,4290,4280,7434,5343,5856,3517,7434
3,1915-04,4707,4290,4280,7434,5343,5856,3517,7434
4,1915-05,4707,4290,4280,7434,5343,5856,3517,7434
5,1915-06,4707,4290,4280,7434,5343,5856,3517,7434
6,1915-07,4707,4290,4280,7434,5343,5856,3517,7434
7,1915-08,4707,4290,4280,7434,5343,5856,3517,7434
8,1915-09,4707,4290,4280,7434,5343,5856,3517,7434
9,1915-10,4707,4290,4280,7434,5343,5856,3517,7434
10,1915-11,4707,4290,4280,7434,5343,5856,3517,7434
11,1915-12,4707,4290,4280,7434,5343,5856,3517,7434
12,1916-01,4959,4267,4430,8342,5698,5928,3640,8342
13,1916-02,4959,4267,4430,8342,5698,5928,3640,8342
14,1916-03,4959,4267,4430,8342,5698,5928,3640,8342
15,1916-04,4959,4267,4430,8342,5698,5928,3640,8342
16,1916-05,4959,4267,4430,8342,5698,5928,3640,8342
17,1916-06,4959,4267,4430,8342,5698,5928,3640,8342
18,1916-07,4959,4267,4430,8342,5698,5928,3640,8342
19,1916-08,4959,4267,4430,8342,5698,5928,3640,8342
20,1916-09,4959,4267,4430,8342,5698,5928,3640,8342
21,1916-10,4959,4267,4430,8342,5698,5928,3640,8342
22,1916-11,4959,4267,4430,8342,5698,5928,3640,8342
23,1916-12,4959,4267,4430,8342,5698,5928,3640,8342
24,1917-01,4214,4217,4340,8020,4901,5963,3566,8020
25,1917-02,4214,4217,4340,8020,4901,5963,3566,8020
26,1917-03,4214,4217,4340,8020,4901,5963,3566,8020
27,1917-04,4214,4217,4340,8020,4901,5963,3566,8020
28,1917-05,4214,4217,4340,8020,4901,5963,3566,8020
29,1917-06,4214,4217,4340,8020,4901,5963,3566,8020
30,1917-07,4214,4217,4340,8020,4901,5963,3566,8020
31,1917-08,4214,4217,4340,8020,4901,5963,3566,8020
32,1917-09,4214,4217,4340,8020,4901,5963,3566,8020
33,1917-10,4214,4217,4340,8020,4901,5963,3566,8020
34,1917-11,4214,4217,4340,8020,4901,5963,3566,8020
35,1917-12,4214,4217,4340,8020,4901,5963,3566,8020
36,1918-01,3348,4184,4290,8648,3941,6026,3525,8648
37,1918-02,3348,4184,4290,8648,3941,6026,3525,8648
38,1918-03,3348,4184,4290,8648,3941,6026,3525,8648
39,1918-04,3348,4184,4290,8648,3941,6026,3525,8648
40,1918-05,3348,4184,4290,8648,3941,6026,3525,8648
41,1918-06,3348,4184,4290,8648,3941,6026,3525,8648
42,1918-07,3348,4184,4290,8648,3941,6026,3525,8648
43,1918-08,3348,4184,4290,8648,3941,6026,3525,8648
44,1918-09,3348,4184,4290,8648,3941,6026,3525,8648
45,1918-10,3348,4184,4290,8648,3941,6026,3525,8648
46,1918-11,3348,4184,4290,8648,3941,6026,3525,8648
47,1918-12,3348,4184,4290,8648,3941,6026,3525,8648
48,1919-01,3881,3561,4355,8681,4625,5225,3579,8681
49,1919-02,3881,3561,4355,8681,4625,5225,3579,8681
50,1919-03,3881,3561,4355,8681,4625,5225,3579,8681
51,1919-04,3881,3561,4355,8681,4625,5225,3579,8681
52,1919-05,3881,3561,4355,8681,4625,5225,3579,8681
53,1919-06,3881,3561,4355,8681,4625,5225,3579,8681
54,1919-07,3881,3561,4355,8681,4625,5225,3579,8681
55,1919-08,3881,3561,4355,8681,4625,5225,3579,8681
56,1919-09,3881,3561,4355,8681,4625,5225,3579,8681
57,1919-10,3881,3561,4355,8681,4625,5225,3579,8681
58,1919-11,3881,3561,4355,8681,4625,5225,3579,8681
59,1919-12,3881,3561,4355,8681,4625,5225,3579,8681
60,1920-01,4399,3777,4670,8485,5309,5647,3837,8485
61,1920-02,4399,3777,4670,8485,5309,5647,3837,8485
62,1920-03,4399,3777,4670,8485,5309,5647,3837,8485
63,1920-04,4399,3777,4670,8485,5309,5647,3837,8485
64,1920-05,4399,3777,4670,8485,5309,5647,3837,8485
65,1920-06,4399,3777,4670,8485,5309,5647,3837,8485
66,1920-07,4399,3777,4670,8485,5309,5647,3837,8485
67,1920-08,4399,3777,4670,8485,5309,5647,3837,8485
68,1920-09,4399,3777,4670,8485,5309,5647,3837,8485
69,1920-10,4399,3777,4670,8485,5309,5647,3837,8485
70,1920-11,4399,3777,4670,8485,5309,5647,3837,8485
71,1920-12,4399,3777,4670,8485,5309,5647,3837,8485
72,1921-01,4139,4079,4783,8134,5058,6217,3930,8134
73,1921-02,4139,4079,4783,8134,5058,6217,3930,8134
74,1921-03,4139,4079,4783,8134,5058,6217,3930,8134
75,1921-04,4139,4079,4783,8134,5058,6217,3930,8134
76,1921-05,4139,4079,4783,8134,5058,6217,3930,8134
77,1921-06,4139,4079,4783,8134,5058,6217,3930,8134
78,1921-07,4139,4079,4783,8134,5058,6217,3930,8134
79,1921-08,4139,4079,4783,8134,5058,6217,3930,8134
80,1921-09,4139,4079,4783,8134,5058,6217,3930,8134
81,1921-10,4139,4079,4783,8134,5058,6217,3930,8134
82,1921-11,4139,4079,4783,8134,5058,6217,3930,8134
83,1921-12,4139,4079,4783,8134,5058,6217,3930,8134
84,1922-01,4798,4328,4935,8466,5939,6729,4055,8466
85,1922-02,4798,4328,4935,8466,5939,6729,4055,8466
86,1922-03,4798,4328,4935,8466,5939,6729,4055,8466
87,1922-04,4798,4328,4935,8466,5939,6729,4055,8466
88,1922-05,4798,4328,4935,8466,5939,6729,4055,8466
89,1922-06,4798,4328,4935,8466,5939,6729,4055,8466
90,1922-07,4798,4328,4935,8466,5939,6729,4055,8466
91,1922-08,4798,4328,4935,8466,5939,6729,4055,8466
92,1922-09,4798,4328,4935,8466,5939,6729,4055,8466
93,1922-10,4798,4328,4935,8466,5939,6729,4055,8466
94,1922-11,4798,4328,4935,8466,5939,6729,4055,8466
95,1922-12,4798,4328,4935,8466,5939,6729,4055,8466
96,1923-01,4924,3502,4943,9420,6175,5554,4062,9420
97,1923-02,4924,3502,4943,9420,6175,5554,4062,9420
98,1923-03,4924,3502,4943,9420,6175,5554,4062,9420
99,1923-04,4924,3502,4943,9420,6175,5554,4062,9420
100,1923-05,4924,3502,4943,9420,6175,5554,4062,9420
101,1923-06,4924,3502,4943,9420,6175,5554,4062,9420
102,1923-07,4924,3502,4943,9420,6175,5554,4062,9420
103,1923-08,4924,3502,4943,9420,6175,5554,4062,9420
104,1923-09,4924,3502,4943,9420,6175,5554,4062,9420
105,1923-10,4924,3502,4943,9420,6175,5554,4062,9420
106,1923-11,4924,3502,4943,9420,6175,5554,4062,9420
107,1923-12,4924,3502,4943,9420,6175,5554,4062,9420
108,1924-01,5411,3992,5066,9525,6876,6462,4163,9525
109,1924-02,5411,3992,5066,9525,6876,6462,4163,9525
110,1924-03,5411,3992,5066,9525,6876,6462,4163,9525
111,1924-04,5411,3992,5066,9525,6876,6462,4163,9525
112,1924-05,5411,3992,5066,9525,6876,6462,4163,9525
113,1924-06,5411,3992,5066,9525,6876,6462,4163,9525
114,1924-07,5411,3992,5066,9525,6876,6462,4163,9525
115,1924-08,5411,3992,5066,9525,6876,6462,4163,9525
116,1924-09,5411,3992,5066,9525,6876,6462,4163,9525
117,1924-10,5411,3992,5066,9525,6876,6462,4163,9525
118,1924-11,5411,3992,5066,9525,6876,6462,4163,9525
119,1924-12,5411,3992,5066,9525,6876,6462,4163,9525
120,1925-01,5322,4316,5363,9601,6854,7134,4407,9601
121,1925-02,5322,4316,5363,9601,6854,7134,4407,9601
122,1925-03,5322,4316,5363,9601,6854,7134,4407,9601
123,1925-04,5322,4316,5363,9601,6854,7134,4407,9601
124,1925-05,5322,4316,5363,9601,6854,7134,4407,9601
125,1925-06,5322,4316,5363,9601,6854,7134,4407,9601
126,1925-07,5322,4316,5363,9601,6854,7134,4407,9601
127,1925-08,5322,4316,5363,9601,6854,7134,4407,9601
128,1925-09,5322,4316,5363,9601,6854,7134,4407,9601
129,1925-10,5322,4316,5363,9601,6854,7134,4407,9601
130,1925-11,5322,4316,5363,9601,6854,7134,4407,9601
131,1925-12,5322,4316,5363,9601,6854,7134,4407,9601
132,1926-01,5355,4312,5256,10090,6991,7282,4319,10090
133,1926-02,5355,4312,5256,10090,6991,7282,4319,10090
134,1926-03,5355,4312,5256,10090,6991,7282,4319,10090
135,1926-04,5355,4312,5256,10090,6991,7282,4319,10090
136,1926-05,5355,4312,5256,10090,6991,7282,4319,10090
137,1926-06,5355,4312,5256,10090,6991,7282,4319,10090
138,1926-07,5355,4312,5256,10090,6991,7282,4319,10090
139,1926-08,5355,4312,5256,10090,6991,7282,4319,10090
140,1926-09,5355,4312,5256,10090,6991,7282,4319,10090
141,1926-10,5355,4312,5256,10090,6991,7282,4319,10090
142,1926-11,5355,4312,5256,10090,6991,7282,4319,10090
143,1926-12,5355,4312,5256,10090,6991,7282,4319,10090
144,1927-01,5164,4613,5700,10050,6834,7961,4684,10050
145,1927-02,5164,4613,5700,10050,6834,7961,4684,10050
146,1927-03,5164,4613,5700,10050,6834,7961,4684,10050
147,1927-04,5164,4613,5700,10050,6834,7961,4684,10050
148,1927-05,5164,4613,5700,10050,6834,7961,4684,10050
149,1927-06,5164,4613,5700,10050,6834,7961,4684,10050
150,1927-07,5164,4613,5700,10050,6834,7961,4684,10050
151,1927-08,5164,4613,5700,10050,6834,7961,4684,10050
152,1927-09,5164,4613,5700,10050,6834,7961,4684,10050
153,1927-10,5164,4613,5700,10050,6834,7961,4684,10050
154,1927-11,5164,4613,5700,10050,6834,7961,4684,10050
155,1927-12,5164,4613,5700,10050,6834,7961,4684,10050
156,1928-01,5433,4682,5625,10040,7290,8262,4622,10040
157,1928-02,5433,4682,5625,10040,7290,8262,4622,10040
158,1928-03,5433,4682,5625,10040,7290,8262,4622,10040
159,1928-04,5433,4682,5625,10040,7290,8262,4622,10040
160,1928-05,5433,4682,5625,10040,7290,8262,4622,10040
161,1928-06,5433,4682,5625,10040,7290,8262,4622,10040
162,1928-07,5433,4682,5625,10040,7290,8262,4622,10040
163,1928-08,5433,4682,5625,10040,7290,8262,4622,10040
164,1928-09,5433,4682,5625,10040,7290,8262,4622,10040
165,1928-10,5433,4682,5625,10040,7290,8262,4622,10040
166,1928-11,5433,4682,5625,10040,7290,8262,4622,10040
167,1928-12,5433,4682,5625,10040,7290,8262,4622,10040
168,1929-01,5693,4533,6009,10543,7748,8184,4938,10543
169,1929-02,5693,4533,6009,10543,7748,8184,4938,10543
170,1929-03,5693,4533,6009,10543,7748,8184,4938,10543
171,1929-04,5693,4533,6009,10543,7748,8184,4938,10543
172,1929-05,5693,4533,6009,10543,7748,8184,4938,10543
173,1929-06,5693,4533,6009,10543,7748,8184,4938,10543
174,1929-07,5693,4533,6009,10543,7748,8184,4938,10543
175,1929-08,5693,4533,6009,10543,7748,8184,4938,10543
176,1929-09,5693,4533,6009,10543,7748,8184,4938,10543
177,1929-10,5693,4533,6009,10543,7748,8184,4938,10543
178,1929-11,5693,4533,6009,10543,7748,8184,4938,10543
179,1929-12,5693,4533,6009,10543,7748,8184,4938,10543
180,1930-01,5502,4624,5606,9490,7455,8027,4642,9490
181,1930-02,5502,4624,5606,9490,7455,8027,4642,9490
182,1930-03,5502,4624,5606,9490,7455,8027,4642,9490
183,1930-04,5502,4624,5606,9490,7455,8027,4642,9490
184,1930-05,5502,4624,5606,9490,7455,8027,4642,9490
185,1930-06,5502,4624,5606,9490,7455,8027,4642,9490
186,1930-07,5502,4624,5606,9490,7455,8027,4642,9490
187,1930-08,5502,4624,5606,9490,7455,8027,4642,9490
188,1930-09,5502,4624,5606,9490,7455,8027,4642,9490
189,1930-10,5502,4624,5606,9490,7455,8027,4642,9490
190,1930-11,5502,4624,5606,9490,7455,8027,4642,9490
191,1930-12,5502,4624,5606,9490,7455,8027,4642,9490
192,1931-01,5166,4413,5370,8864,6967,7376,4480,8864
193,1931-02,5166,4413,5370,8864,6967,7376,4480,8864
194,1931-03,5166,4413,5370,8864,6967,7376,4480,8864
195,1931-04,5166,4413,5370,8864,6967,7376,4480,8864
196,1931-05,5166,4413,5370,8864,6967,7376,4480,8864
197,1931-06,5166,4413,5370,8864,6967,7376,4480,8864
198,1931-07,5166,4413,5370,8864,6967,7376,4480,8864
199,1931-08,5166,4413,5370,8864,6967,7376,4480,8864
200,1931-09,5166,4413,5370,8864,6967,7376,4480,8864
201,1931-10,5166,4413,5370,8864,6967,7376,4480,8864
202,1931-11,5166,4413,5370,8864,6967,7376,4480,8864
203,1931-12,5166,4413,5370,8864,6967,7376,4480,8864
204,1932-01,4851,4213,5427,7525,6513,6791,4562,7525
205,1932-02,4851,4213,5427,7525,6513,6791,4562,7525
206,1932-03,4851,4213,5427,7525,6513,6791,4562,7525
207,1932-04,4851,4213,5427,7525,6513,6791,4562,7525
208,1932-05,4851,4213,5427,7525,6513,6791,4562,7525
209,1932-06,4851,4213,5427,7525,6513,6791,4562,7525
210,1932-07,4851,4213,5427,7525,6513,6791,4562,7525
211,1932-08,4851,4213,5427,7525,6513,6791,4562,7525
212,1932-09,4851,4213,5427,7525,6513,6791,4562,7525
213,1932-10,4851,4213,5427,7525,6513,6791,4562,7525
214,1932-11,4851,4213,5427,7525,6513,6791,4562,7525
215,1932-12,4851,4213,5427,7525,6513,6791,4562,7525
216,1933-01,5218,4615,5154,7270,6974,7183,4366,7270
217,1933-02,5218,4615,5154,7270,6974,7183,4366,7270
218,1933-03,5218,4615,5154,7270,6974,7183,4366,7270
219,1933-04,5218,4615,5154,7270,6974,7183,4366,7270
220,1933-05,5218,4615,5154,7270,6974,7183,4366,7270
221,1933-06,5218,4615,5154,7270,6974,7183,4366,7270
222,1933-07,5218,4615,5154,7270,6974,7183,4366,7270
223,1933-08,5218,4615,5154,7270,6974,7183,4366,7270
224,1933-09,5218,4615,5154,7270,6974,7183,4366,7270
225,1933-10,5218,4615,5154,7270,6974,7183,4366,7270
226,1933-11,5218,4615,5154,7270,6974,7183,4366,7270
227,1933-12,5218,4615,5154,7270,6974,7183,4366,7270
228,1934-01,5182,5181,5242,7876,6896,7794,4475,7876
229,1934-02,5182,5181,5242,7876,6896,7794,4475,7876
230,1934-03,5182,5181,5242,7876,6896,7794,4475,7876
231,1934-04,5182,5181,5242,7876,6896,7794,4475,7876
232,1934-05,5182,5181,5242,7876,6896,7794,4475,7876
233,1934-06,5182,5181,5242,7876,6896,7794,4475,7876
234,1934-07,5182,5181,5242,7876,6896,7794,4475,7876
235,1934-08,5182,5181,5242,7876,6896,7794,4475,7876
236,1934-09,5182,5181,5242,7876,6896,7794,4475,7876
237,1934-10,5182,5181,5242,7876,6896,7794,4475,7876
238,1934-11,5182,5181,5242,7876,6896,7794,4475,7876
239,1934-12,5182,5181,5242,7876,6896,7794,4475,7876
240,1935-01,5074,5716,5235,8850,6722,8322,4504,8850
241,1935-02,5074,5716,5235,8850,6722,8322,4504,8850
242,1935-03,5074,5716,5235,8850,6722,8322,4504,8850
243,1935-04,5074,5716,5235,8850,6722,8322,4504,8850
244,1935-05,5074,5716,5235,8850,6722,8322,4504,8850
245,1935-06,5074,5716,5235,8850,6722,8322,4504,8850
246,1935-07,5074,5716,5235,8850,6722,8322,4504,8850
247,1935-08,5074,5716,5235,8850,6722,8322,4504,8850
248,1935-09,5074,5716,5235,8850,6722,8322,4504,8850
249,1935-10,5074,5716,5235,8850,6722,8322,4504,8850
250,1935-11,5074,5716,5235,8850,6722,8322,4504,8850
251,1935-12,5074,5716,5235,8850,6722,8322,4504,8850
252,1936-01,5294,6187,3923,9718,6982,8991,3402,9718
253,1936-02,5294,6187,3923,9718,6982,8991,3402,9718
254,1936-03,5294,6187,3923,9718,6982,8991,3402,9718
255,1936-04,5294,6187,3923,9718,6982,8991,3402,9718
256,1936-05,5294,6187,3923,9718,6982,8991,3402,9718
257,1936-06,5294,6187,3923,9718,6982,8991,3402,9718
258,1936-07,5294,6187,3923,9718,6982,8991,3402,9718
259,1936-08,5294,6187,3923,9718,6982,8991,3402,9718
260,1936-09,5294,6187,3923,9718,6982,8991,3402,9718
261,1936-10,5294,6187,3923,9718,6982,8991,3402,9718
262,1936-11,5294,6187,3923,9718,6982,8991,3402,9718
263,1936-12,5294,6187,3923,9718,6982,8991,3402,9718
264,1937-01,5621,6525,3591,10450,7381,9464,3139,10450
265,1937-02,5621,6525,3591,10450,7381,9464,3139,10450
266,1937-03,5621,6525,3591,10450,7381,9464,3139,10450
267,1937-04,5621,6525,3591,10450,7381,9464,3139,10450
268,1937-05,5621,6525,3591,10450,7381,9464,3139,10450
269,1937-06,5621,6525,3591,10450,7381,9464,3139,10450
270,1937-07,5621,6525,3591,10450,7381,9464,3139,10450
271,1937-08,5621,6525,3591,10450,7381,9464,3139,10450
272,1937-09,5621,6525,3591,10450,7381,9464,3139,10450
273,1937-10,5621,6525,3591,10450,7381,9464,3139,10450
274,1937-11,5621,6525,3591,10450,7381,9464,3139,10450
275,1937-12,5621,6525,3591,10450,7381,9464,3139,10450
276,1938-01,5620,6968,3539,9797,7347,10088,3119,9797
277,1938-02,5620,6968,3539,9797,7347,10088,3119,9797
278,1938-03,5620,6968,3539,9797,7347,10088,3119,9797
279,1938-04,5620,6968,3539,9797,7347,10088,3119,9797
280,1938-05,5620,6968,3539,9797,7347,10088,3119,9797
281,1938-06,5620,6968,3539,9797,7347,10088,3119,9797
282,1938-07,5620,6968,3539,9797,7347,10088,3119,9797
283,1938-08,5620,6968,3539,9797,7347,10088,3119,9797
284,1938-09,5620,6968,3539,9797,7347,10088,3119,9797
285,1938-10,5620,6968,3539,9797,7347,10088,3119,9797
286,1938-11,5620,6968,3539,9797,7347,10088,3119,9797
287,1938-12,5620,6968,3539,9797,7347,10088,3119,9797
288,1939-01,6058,7557,3842,10459,7885,10921,3413,10459
289,1939-02,6058,7557,3842,10459,7885,10921,3413,10459
290,1939-03,6058,7557,3842,10459,7885,10921,3413,10459
291,1939-04,6058,7557,3842,10459,7885,10921,3413,10459
292,1939-05,6058,7557,3842,10459,7885,10921,3413,10459
293,1939-06,6058,7557,3842,10459,7885,10921,3413,10459
294,1939-07,6058,7557,3842,10459,7885,10921,3413,10459
295,1939-08,6058,7557,3842,10459,7885,10921,3413,10459
296,1939-09,6058,7557,3842,10459,7885,10921,3413,10459
297,1939-10,6058,7557,3842,10459,7885,10921,3413,10459
298,1939-11,6058,7557,3842,10459,7885,10921,3413,10459
299,1939-12,6058,7557,3842,10459,7885,10921,3413,10459
300,1940-01,5131,7566,4189,11307,6650,10914,3752,11307
301,1940-02,5131,7566,4189,11307,6650,10914,3752,11307
302,1940-03,5131,7566,4189,11307,6650,10914,3752,11307
303,1940-04,5131,7566,4189,11307,6650,10914,3752,11307
304,1940-05,5131,7566,4189,11307,6650,10914,3752,11307
305,1940-06,5131,7566,4189,11307,6650,10914,3752,11307
306,1940-07,5131,7566,4189,11307,6650,10914,3752,11307
307,1940-08,5131,7566,4189,11307,6650,10914,3752,11307
308,1940-09,5131,7566,4189,11307,6650,10914,3752,11307
309,1940-10,5131,7566,4189,11307,6650,10914,3752,11307
310,1940-11,5131,7566,4189,11307,6650,10914,3752,11307
311,1940-12,5131,7566,4189,11307,6650,10914,3752,11307
312,1941-01,4219,8013,4181,12844,5444,11537,3776,12844
313,1941-02,4219,8013,4181,12844,5444,11537,3776,12844
314,1941-03,4219,8013,4181,12844,5444,11537,3776,12844
315,1941-04,4219,8013,4181,12844,5444,11537,3776,12844
316,1941-05,4219,8013,4181,12844,5444,11537,3776,12844
317,1941-06,4219,8013,4181,12844,5444,11537,3776,12844
318,1941-07,4219,8013,4181,12844,5444,11537,3776,12844
319,1941-08,4219,8013,4181,12844,5444,11537,3776,12844
320,1941-09,4219,8013,4181,12844,5444,11537,3776,12844
321,1941-10,4219,8013,4181,12844,5444,11537,3776,12844
322,1941-11,4219,8013,4181,12844,5444,11537,3776,12844
323,1941-12,4219,8013,4181,12844,5444,11537,3776,12844
324,1942-01,3818,8069,4409,14175,4905,11595,4015,14175
325,1942-02,3818,8069,4409,14175,4905,11595,4015,14175
326,1942-03,3818,8069,4409,14175,4905,11595,4015,14175
327,1942-04,3818,8069,4409,14175,4905,11595,4015,14175
328,1942-05,3818,8069,4409,14175,4905,11595,4015,14175
329,1942-06,3818,8069,4409,14175,4905,11595,4015,14175
330,1942-07,3818,8069,4409,14175,4905,11595,4015,14175
331,1942-08,3818,8069,4409,14175,4905,11595,4015,14175
332,1942-09,3818,8069,4409,14175,4905,11595,4015,14175
333,1942-10,3818,8069,4409,14175,4905,11595,4015,14175
334,1942-11,3818,8069,4409,14175,4905,11595,4015,14175
335,1942-12,3818,8069,4409,14175,4905,11595,4015,14175
336,1943-01,3678,8294,4576,15392,4705,11898,4201,15392
337,1943-02,3678,8294,4576,15392,4705,11898,4201,15392
338,1943-03,3678,8294,4576,15392,4705,11898,4201,15392
339,1943-04,3678,8294,4576,15392,4705,11898,4201,15392
340,1943-05,3678,8294,4576,15392,4705,11898,4201,15392
341,1943-06,3678,8294,4576,15392,4705,11898,4201,15392
342,1943-07,3678,8294,4576,15392,4705,11898,4201,15392
343,1943-08,3678,8294,4576,15392,4705,11898,4201,15392
344,1943-09,3678,8294,4576,15392,4705,11898,4201,15392
345,1943-10,3678,8294,4576,15392,4705,11898,4201,15392
346,1943-11,3678,8294,4576,15392,4705,11898,4201,15392
347,1943-12,3678,8294,4576,15392,4705,11898,4201,15392
348,1944-01,3128,8583,4696,16401,3984,12290,4349,16401
349,1944-02,3128,8583,4696,16401,3984,12290,4349,16401
350,1944-03,3128,8583,4696,16401,3984,12290,4349,16401
351,1944-04,3128,8583,4696,16401,3984,12290,4349,16401
352,1944-05,3128,8583,4696,16401,3984,12290,4349,16401
353,1944-06,3128,8583,4696,16401,3984,12290,4349,16401
354,1944-07,3128,8583,4696,16401,3984,12290,4349,16401
355,1944-08,3128,8583,4696,16401,3984,12290,4349,16401
356,1944-09,3128,8583,4696,16401,3984,12290,4349,16401
357,1944-10,3128,8583,4696,16401,3984,12290,4349,16401
358,1944-11,3128,8583,4696,16401,3984,12290,4349,16401
359,1944-12,3128,8583,4696,16401,3984,12290,4349,16401
360,1945-01,3337,6381,4253,15992,4233,9119,3972,15992
361,1945-02,3337,6381,4253,15992,4233,9119,3972,15992
362,1945-03,3337,6381,4253,15992,4233,9119,3972,15992
363,1945-04,3337,6381,4253,15992,4233,9119,3972,15992
364,1945-05,3337,6381,4253,15992,4233,9119,3972,15992
365,1945-06,3337,6381,4253,15992,4233,9119,3972,15992
366,1945-07,3337,6381,4253,15992,4233,9119,3972,15992
367,1945-08,3337,6381,4253,15992,4233,9119,3972,15992
368,1945-09,3337,6381,4253,15992,4233,9119,3972,15992
369,1945-10,3337,6381,4253,15992,4233,9119,3972,15992
370,1945-11,3337,6381,4253,15992,4233,9119,3972,15992
371,1945-12,3337,6381,4253,15992,4233,9119,3972,15992
372,1946-01,5022,3139,4362,14471,6342,4478,4109,14471
373,1946-02,5022,3139,4362,14471,6342,4478,4109,14471
374,1946-03,5022,3139,4362,14471,6342,4478,4109,14471
375,1946-04,5022,3139,4362,14471,6342,4478,4109,14471
376,1946-05,5022,3139,4362,14471,6342,4478,4109,14471
377,1946-06,5022,3139,4362,14471,6342,4478,4109,14471
378,1946-07,5022,3139,4362,14471,6342,4478,4109,14471
379,1946-08,5022,3139,4362,14471,6342,4478,4109,14471
380,1946-09,5022,3139,4362,14471,6342,4478,4109,14471
381,1946-10,5022,3139,4362,14471,6342,4478,4109,14471
382,1946-11,5022,3139,4362,14471,6342,4478,4109,14471
383,1946-12,5022,3139,4362,14471,6342,4478,4109,14471
384,1947-01,5413,3456,4375,14057,6807,4921,4157,14057
385,1947-02,5413,3456,4375,14057,6807,4921,4157,14057
386,1947-03,5413,3456,4375,14057,6807,4921,4157,14057
387,1947-04,5413,3456,4375,14057,6807,4921,4157,14057
388,1947-05,5413,3456,4375,14057,6807,4921,4157,14057
389,1947-06,5413,3456,4375,14057,6807,4921,4157,14057
390,1947-07,5413,3456,4375,14057,6807,4921,4157,14057
391,1947-08,5413,3456,4375,14057,6807,4921,4157,14057
392,1947-09,5413,3456,4375,14057,6807,4921,4157,14057
393,1947-10,5413,3456,4375,14057,6807,4921,4157,14057
394,1947-11,5413,3456,4375,14057,6807,4921,4157,14057
395,1947-12,5413,3456,4375,14057,6807,4921,4157,14057
396,1948-01,5771,4027,4294,14559,7228,5724,4115,14559
397,1948-02,5771,4027,4294,14559,7228,5724,4115,14559
398,1948-03,5771,4027,4294,14559,7228,5724,4115,14559
399,1948-04,5771,4027,4294,14559,7228,5724,4115,14559
400,1948-05,5771,4027,4294,14559,7228,5724,4115,14559
401,1948-06,5771,4027,4294,14559,7228,5724,4115,14559
402,1948-07,5771,4027,4294,14559,7228,5724,4115,14559
403,1948-08,5771,4027,4294,14559,7228,5724,4115,14559
404,1948-09,5771,4027,4294,14559,7228,5724,4115,14559
405,1948-10,5771,4027,4294,14559,7228,5724,4115,14559
406,1948-11,5771,4027,4294,14559,7228,5724,4115,14559
407,1948-12,5771,4027,4294,14559,7228,5724,4115,14559
408,1949-01,6525,4674,4203,14112,8137,6631,4064,14112
409,1949-02,6525,4674,4203,14112,8137,6631,4064,14112
410,1949-03,6525,4674,4203,14112,8137,6631,4064,14112
411,1949-04,6525,4674,4203,14112,8137,6631,4064,14112
412,1949-05,6525,4674,4203,14112,8137,6631,4064,14112
413,1949-06,6525,4674,4203,14112,8137,6631,4064,14112
414,1949-07,6525,4674,4203,14112,8137,6631,4064,14112
415,1949-08,6525,4674,4203,14112,8137,6631,4064,14112
416,1949-09,6525,4674,4203,14112,8137,6631,4064,14112
417,1949-10,6525,4674,4203,14112,8137,6631,4064,14112
418,1949-11,6525,4674,4203,14112,8137,6631,4064,14112
419,1949-12,6525,4674,4203,14112,8137,6631,4064,14112
420,1950-01,6869,5536,4201,15241,8531,7840,4098,15241
421,1950-02,6869,5536,4201,15241,8531,7840,4098,15241
422,1950-03,6869,5536,4201,15241,8531,7840,4098,15241
423,1950-04,6869,5536,4201,15241,8531,7840,4098,15241
424,1950-05,6869,5536,4201,15241,8531,7840,4098,15241
425,1950-06,6869,5536,4201,15241,8531,7840,4098,15241
426,1950-07,6869,5536,4201,15241,8531,7840,4098,15241
427,1950-08,6869,5536,4201,15241,8531,7840,4098,15241
428,1950-09,6869,5536,4201,15241,8531,7840,4098,15241
429,1950-10,6869,5536,4201,15241,8531,7840,4098,15241
430,1950-11,6869,5536,4201,15241,8531,7840,4098,15241
431,1950-12,6869,5536,4201,15241,8531,7840,4098,15241
432,1951-01,7277,6120,4593,16126,8984,8496,4485,16126
433,1951-02,7277,6120,4593,16126,8984,8496,4485,16126
434,1951-03,7277,6120,4593,16126,8984,8496,4485,16126
435,1951-04,7277,6120,4593,16126,8984,8496,4485,16126
436,1951-05,7277,6120,4593,16126,8984,8496,4485,16126
437,1951-06,7277,6120,4593,16126,8984,8496,4485,16126
438,1951-07,7277,6120,4593,16126,8984,8496,4485,16126
439,1951-08,7277,6120,4593,16126,8984,8496,4485,16126
440,1951-09,7277,6120,4593,16126,8984,8496,4485,16126
441,1951-10,7277,6120,4593,16126,8984,8496,4485,16126
442,1951-11,7277,6120,4593,16126,8984,8496,4485,16126
443,1951-12,7277,6120,4593,16126,8984,8496,4485,16126
444,1952-01,7473,6718,4930,16443,9154,9197,4856,16443
445,1952-02,7473,6718,4930,16443,9154,9197,4856,16443
446,1952-03,7473,6718,4930,16443,9154,9197,4856,16443
447,1952-04,7473,6718,4930,16443,9154,9197,4856,16443
448,1952-05,7473,6718,4930,16443,9154,9197,4856,16443
449,1952-06,7473,6718,4930,16443,9154,9197,4856,16443
450,1952-07,7473,6718,4930,16443,9154,9197,4856,16443
451,1952-08,7473,6718,4930,16443,9154,9197,4856,16443
452,1952-09,7473,6718,4930,16443,9154,9197,4856,16443
453,1952-10,7473,6718,4930,16443,9154,9197,4856,16443
454,1952-11,7473,6718,4930,16443,9154,9197,4856,16443
455,1952-12,7473,6718,4930,16443,9154,9197,4856,16443
456,1953-01,7728,7230,4848,16917,9351,9909,4812,16917
457,1953-02,7728,7230,4848,16917,9351,9909,4812,16917
458,1953-03,7728,7230,4848,16917,9351,9909,4812,16917
459,1953-04,7728,7230,4848,16917,9351,9909,4812,16917
460,1953-05,7728,7230,4848,16917,9351,9909,4812,16917
461,1953-06,7728,7230,4848,16917,9351,9909,4812,16917
462,1953-07,7728,7230,4848,16917,9351,9909,4812,16917
463,1953-08,7728,7230,4848,16917,9351,9909,4812,16917
464,1953-09,7728,7230,4848,16917,9351,9909,4812,16917
465,1953-10,7728,7230,4848,16917,9351,9909,4812,16917
466,1953-11,7728,7230,4848,16917,9351,9909,4812,16917
467,1953-12,7728,7230,4848,16917,9351,9909,4812,16917
468,1954-01,8053,7784,5069,16513,9731,10599,5120,16513
469,1954-02,8053,7784,5069,16513,9731,10599,5120,16513
470,1954-03,8053,7784,5069,16513,9731,10599,5120,16513
471,1954-04,8053,7784,5069,16513,9731,10599,5120,16513
472,1954-05,8053,7784,5069,16513,9731,10599,5120,16513
473,1954-06,8053,7784,5069,16513,9731,10599,5120,16513
474,1954-07,8053,7784,5069,16513,9731,10599,5120,16513
475,1954-08,8053,7784,5069,16513,9731,10599,5120,16513
476,1954-09,8053,7784,5069,16513,9731,10599,5120,16513
477,1954-10,8053,7784,5069,16513,9731,10599,5120,16513
478,1954-11,8053,7784,5069,16513,9731,10599,5120,16513
479,1954-12,8053,7784,5069,16513,9731,10599,5120,16513
480,1955-01,8449,8728,5103,17370,10198,11710,5256,17370
481,1955-02,8449,8728,5103,17370,10198,11710,5256,17370
482,1955-03,8449,8728,5103,17370,10198,11710,5256,17370
483,1955-04,8449,8728,5103,17370,10198,11710,5256,17370
484,1955-05,8449,8728,5103,17370,10198,11710,5256,17370
485,1955-06,8449,8728,5103,17370,10198,11710,5256,17370
486,1955-07,8449,8728,5103,17370,10198,11710,5256,17370
487,1955-08,8449,8728,5103,17370,10198,11710,5256,17370
488,1955-09,8449,8728,5103,17370,10198,11710,5256,17370
489,1955-10,8449,8728,5103,17370,10198,11710,5256,17370
490,1955-11,8449,8728,5103,17370,10198,11710,5256,17370
491,1955-12,8449,8728,5103,17370,10198,11710,5256,17370
492,1956-01,8815,9332,5388,17398,10608,12477,5644,17398
493,1956-02,8815,9332,5388,17398,10608,12477,5644,17398
494,1956-03,8815,9332,5388,17398,10608,12477,5644,17398
495,1956-04,8815,9332,5388,17398,10608,12477,5644,17398
496,1956-05,8815,9332,5388,17398,10608,12477,5644,17398
497,1956-06,8815,9332,5388,17398,10608,12477,5644,17398
498,1956-07,8815,9332,5388,17398,10608,12477,5644,17398
499,1956-08,8815,9332,5388,17398,10608,12477,5644,17398
500,1956-09,8815,9332,5388,17398,10608,12477,5644,17398
501,1956-10,8815,9332,5388,17398,10608,12477,5644,17398
502,1956-11,8815,9332,5388,17398,10608,12477,5644,17398
503,1956-12,8815,9332,5388,17398,10608,12477,5644,17398
504,1957-01,9293,9805,5473,17407,11124,13115,5797,17407
505,1957-02,9293,9805,5473,17407,11124,13115,5797,17407
506,1957-03,9293,9805,5473,17407,11124,13115,5797,17407
507,1957-04,9293,9805,5473,17407,11124,13115,5797,17407
508,1957-05,9293,9805,5473,17407,11124,13115,5797,17407
509,1957-06,9293,9805,5473,17407,11124,13115,5797,17407
510,1957-07,9293,9805,5473,17407,11124,13115,5797,17407
511,1957-08,9293,9805,5473,17407,11124,13115,5797,17407
512,1957-09,9293,9805,5473,17407,11124,13115,5797,17407
513,1957-10,9293,9805,5473,17407,11124,13115,5797,17407
514,1957-11,9293,9805,5473,17407,11124,13115,5797,17407
515,1957-12,9293,9805,5473,17407,11124,13115,5797,17407
516,1958-01,9559,10150,5740,16945,11277,13609,6123,16945
517,1958-02,9559,10150,5740,16945,11277,13609,6123,16945
518,1958-03,9559,10150,5740,16945,11277,13609,6123,16945
519,1958-04,9559,10150,5740,16945,11277,13609,6123,16945
520,1958-05,9559,10150,5740,16945,11277,13609,6123,16945
521,1958-06,9559,10150,5740,16945,11277,13609,6123,16945
522,1958-07,9559,10150,5740,16945,11277,13609,6123,16945
523,1958-08,9559,10150,5740,16945,11277,13609,6123,16945
524,1958-09,9559,10150,5740,16945,11277,13609,6123,16945
525,1958-10,9559,10150,5740,16945,11277,13609,6123,16945
526,1958-11,9559,10150,5740,16945,11277,13609,6123,16945
527,1958-12,9559,10150,5740,16945,11277,13609,6123,16945
528,1959-01,9748,10875,5577,17901,11481,14498,6017,17901
529,1959-02,9748,10875,5577,17901,11481,14498,6017,17901
530,1959-03,9748,10875,5577,17901,11481,14498,6017,17901
531,1959-04,9748,10875,5577,17901,11481,14498,6017,17901
532,1959-05,9748,10875,5577,17901,11481,14498,6017,17901
533,1959-06,9748,10875,5577,17901,11481,14498,6017,17901
534,1959-07,9748,10875,5577,17901,11481,14498,6017,17901
535,1959-08,9748,10875,5577,17901,11481,14498,6017,17901
536,1959-09,9748,10875,5577,17901,11481,14498,6017,17901
537,1959-10,9748,10875,5577,17901,11481,14498,6017,17901
538,1959-11,9748,10875,5577,17901,11481,14498,6017,17901
539,1959-12,9748,10875,5577,17901,11481,14498,6017,17901
540,1960-01,10284,11587,5472,18058,12170,15565,5960,18058
541,1960-02,10284,11587,5472,18058,12170,15565,5960,18058
542,1960-03,10284,11587,5472,18058,12170,15565,5960,18058
543,1960-04,10284,11587,5472,18058,12170,15565,5960,18058
544,1960-05,10284,11587,5472,18058,12170,15565,5960,18058
545,1960-06,10284,11587,5472,18058,12170,15565,5960,18058
546,1960-07,10284,11587,5472,18058,12170,15565,5960,18058
547,1960-08,10284,11587,5472,18058,12170,15565,5960,18058
548,1960-09,10284,11587,5472,18058,12170,15565,5960,18058
549,1960-10,10284,11587,5472,18058,12170,15565,5960,18058
550,1960-11,10284,11587,5472,18058,12170,15565,5960,18058
551,1960-12,10284,11587,5472,18058,12170,15565,5960,18058
552,1961-01,10735,11776,5976,18175,12698,16064,6611,18175
553,1961-02,10735,11776,5976,18175,12698,16064,6611,18175
554,1961-03,10735,11776,5976,18175,12698,16064,6611,18175
555,1961-04,10735,11776,5976,18175,12698,16064,6611,18175
556,1961-05,10735,11776,5976,18175,12698,16064,6611,18175
557,1961-06,10735,11776,5976,18175,12698,16064,6611,18175
558,1961-07,10735,11776,5976,18175,12698,16064,6611,18175
559,1961-08,10735,11776,5976,18175,12698,16064,6611,18175
560,1961-09,10735,11776,5976,18175,12698,16064,6611,18175
561,1961-10,10735,11776,5976,18175,12698,16064,6611,18175
562,1961-11,10735,11776,5976,18175,12698,16064,6611,18175
563,1961-12,10735,11776,5976,18175,12698,16064,6611,18175
564,1962-01,11343,12144,6413,18977,13271,16609,7197,18977
565,1962-02,11343,12144,6413,18977,13271,16609,7197,18977
566,1962-03,11343,12144,6413,18977,13271,16609,7197,18977
567,1962-04,11343,12144,6413,18977,13271,16609,7197,18977
568,1962-05,11343,12144,6413,18977,13271,16609,7197,18977
569,1962-06,11343,12144,6413,18977,13271,16609,7197,18977
570,1962-07,11343,12144,6413,18977,13271,16609,7197,18977
571,1962-08,11343,12144,6413,18977,13271,16609,7197,18977
572,1962-09,11343,12144,6413,18977,13271,16609,7197,18977
573,1962-10,11343,12144,6413,18977,13271,16609,7197,18977
574,1962-11,11343,12144,6413,18977,13271,16609,7197,18977
575,1962-12,11343,12144,6413,18977,13271,16609,7197,18977
576,1963-01,11792,12365,6884,19515,13757,16940,7854,19515
577,1963-02,11792,12365,6884,19515,13757,16940,7854,19515
578,1963-03,11792,12365,6884,19515,13757,16940,7854,19515
579,1963-04,11792,12365,6884,19515,13757,16940,7854,19515
580,1963-05,11792,12365,6884,19515,13757,16940,7854,19515
581,1963-06,11792,12365,6884,19515,13757,16940,7854,19515
582,1963-07,11792,12365,6884,19515,13757,16940,7854,19515
583,1963-08,11792,12365,6884,19515,13757,16940,7854,19515
584,1963-09,11792,12365,6884,19515,13757,16940,7854,19515
585,1963-10,11792,12365,6884,19515,13757,16940,7854,19515
586,1963-11,11792,12365,6884,19515,13757,16940,7854,19515
587,1963-12,11792,12365,6884,19515,13757,16940,7854,19515
588,1964-01,12492,13196,7102,20360,14509,17822,8218,20360
589,1964-02,12492,13196,7102,20360,14509,17822,8218,20360
590,1964-03,12492,13196,7102,20360,14509,17822,8218,20360
591,1964-04,12492,13196,7102,20360,14509,17822,8218,20360
592,1964-05,12492,13196,7102,20360,14509,17822,8218,20360
593,1964-06,12492,13196,7102,20360,14509,17822,8218,20360
594,1964-07,12492,13196,7102,20360,14509,17822,8218,20360
595,1964-08,12492,13196,7102,20360,14509,17822,8218,20360
596,1964-09,12492,13196,7102,20360,14509,17822,8218,20360
597,1964-10,12492,13196,7102,20360,14509,17822,8218,20360
598,1964-11,12492,13196,7102,20360,14509,17822,8218,20360
599,1964-12,12492,13196,7102,20360,14509,17822,8218,20360
600,1965-01,13016,13666,7415,21390,15078,18556,8778,21390
601,1965-02,13016,13666,7415,21390,15078,18556,8778,21390
602,1965-03,13016,13666,7415,21390,15078,18556,8778,21390
603,1965-04,13016,13666,7415,21390,15078,18556,8778,21390
604,1965-05,13016,13666,7415,21390,15078,18556,8778,21390
605,1965-06,13016,13666,7415,21390,15078,18556,8778,21390
606,1965-07,13016,13666,7415,21390,15078,18556,8778,21390
607,1965-08,13016,13666,7415,21390,15078,18556,8778,21390
608,1965-09,13016,13666,7415,21390,15078,18556,8778,21390
609,1965-10,13016,13666,7415,21390,15078,18556,8778,21390
610,1965-11,13016,13666,7415,21390,15078,18556,8778,21390
611,1965-12,13016,13666,7415,21390,15078,18556,8778,21390
612,1966-01,13674,14089,7797,22529,15701,18964,9324,22529
613,1966-02,13674,14089,7797,22529,15701,18964,9324,22529
614,1966-03,13674,14089,7797,22529,15701,18964,9324,22529
615,1966-04,13674,14089,7797,22529,15701,18964,9324,22529
616,1966-05,13674,14089,7797,22529,15701,18964,9324,22529
617,1966-06,13674,14089,7797,22529,15701,18964,9324,22529
618,1966-07,13674,14089,7797,22529,15701,18964,9324,22529
619,1966-08,13674,14089,7797,22529,15701,18964,9324,22529
620,1966-09,13674,14089,7797,22529,15701,18964,9324,22529
621,1966-10,13674,14089,7797,22529,15701,18964,9324,22529
622,1966-11,13674,14089,7797,22529,15701,18964,9324,22529
623,1966-12,13674,14089,7797,22529,15701,18964,9324,22529
624,1967-01,14304,14055,8144,22842,16298,18982,9719,22842
625,1967-02,14304,14055,8144,22842,16298,18982,9719,22842
626,1967-03,14304,14055,8144,22842,16298,18982,9719,22842
627,1967-04,14304,14055,8144,22842,16298,18982,9719,22842
628,1967-05,14304,14055,8144,22842,16298,18982,9719,22842
629,1967-06,14304,14055,8144,22842,16298,18982,9719,22842
630,1967-07,14304,14055,8144,22842,16298,18982,9719,22842
631,1967-08,14304,14055,8144,22842,16298,18982,9719,22842
632,1967-09,14304,14055,8144,22842,16298,18982,9719,22842
633,1967-10,14304,14055,8144,22842,16298,18982,9719,22842
634,1967-11,14304,14055,8144,22842,16298,18982,9719,22842
635,1967-12,14304,14055,8144,22842,16298,18982,9719,22842
636,1968-01,14903,14882,8519,23692,16890,19927,10183,23692
637,1968-02,14903,14882,8519,23692,16890,19927,10183,23692
638,1968-03,14903,14882,8519,23692,16890,19927,10183,23692
639,1968-04,14903,14882,8519,23692,16890,19927,10183,23692
640,1968-05,14903,14882,8519,23692,16890,19927,10183,23692
641,1968-06,14903,14882,8519,23692,16890,19927,10183,23692
642,1968-07,14903,14882,8519,23692,16890,19927,10183,23692
643,1968-08,14903,14882,8519,23692,16890,19927,10183,23692
644,1968-09,14903,14882,8519,23692,16890,19927,10183,23692
645,1968-10,14903,14882,8519,23692,16890,19927,10183,23692
646,1968-11,14903,14882,8519,23692,16890,19927,10183,23692
647,1968-12,14903,14882,8519,23692,16890,19927,10183,23692
648,1969-01,15879,15853,9104,24196,17908,21090,11012,24196
649,1969-02,15879,15853,9104,24196,17908,21090,11012,24196
650,1969-03,15879,15853,9104,24196,17908,21090,11012,24196
651,1969-04,15879,15853,9104,24196,17908,21090,11012,24196
652,1969-05,15879,15853,9104,24196,17908,21090,11012,24196
653,1969-06,15879,15853,9104,24196,17908,21090,11012,24196
654,1969-07,15879,15853,9104,24196,17908,21090,11012,24196
655,1969-08,15879,15853,9104,24196,17908,21090,11012,24196
656,1969-09,15879,15853,9104,24196,17908,21090,11012,24196
657,1969-10,15879,15853,9104,24196,17908,21090,11012,24196
658,1969-11,15879,15853,9104,24196,17908,21090,11012,24196
659,1969-12,15879,15853,9104,24196,17908,21090,11012,24196
660,1970-01,16740,16581,9218,23958,18771,21896,11253,23958
661,1970-02,16740,16581,9218,23958,18771,21896,11253,23958
662,1970-03,16740,16581,9218,23958,18771,21896,11253,23958
663,1970-04,16740,16581,9218,23958,18771,21896,11253,23958
664,1970-05,16740,16581,9218,23958,18771,21896,11253,23958
665,1970-06,16740,16581,9218,23958,18771,21896,11253,23958
666,1970-07,16740,16581,9218,23958,18771,21896,11253,23958
667,1970-08,16740,16581,9218,23958,18771,21896,11253,23958
668,1970-09,16740,16581,9218,23958,18771,21896,11253,23958
669,1970-10,16740,16581,9218,23958,18771,21896,11253,23958
670,1970-11,16740,16581,9218,23958,18771,21896,11253,23958
671,1970-12,16740,16581,9218,23958,18771,21896,11253,23958
672,1971-01,17511,16999,9487,24395,19486,22376,11705,24395
673,1971-02,17511,16999,9487,24395,19486,22376,11705,24395
674,1971-03,17511,16999,9487,24395,19486,22376,11705,24395
675,1971-04,17511,16999,9487,24395,19486,22376,11705,24395
676,1971-05,17511,16999,9487,24395,19486,22376,11705,24395
677,1971-06,17511,16999,9487,24395,19486,22376,11705,24395
678,1971-07,17511,16999,9487,24395,19486,22376,11705,24395
679,1971-08,17511,16999,9487,24395,19486,22376,11705,24395
680,1971-09,17511,16999,9487,24395,19486,22376,11705,24395
681,1971-10,17511,16999,9487,24395,19486,22376,11705,24395
682,1971-11,17511,16999,9487,24395,19486,22376,11705,24395
683,1971-12,17511,16999,9487,24395,19486,22376,11705,24395
684,1972-01,18279,17719,10230,25415,20175,23192,12773,25415
685,1972-02,18279,17719,10230,25415,20175,23192,12773,25415
686,1972-03,18279,17719,10230,25415,20175,23192,12773,25415
687,1972-04,18279,17719,10230,25415,20175,23192,12773,25415
688,1972-05,18279,17719,10230,25415,20175,23192,12773,25415
689,1972-06,18279,17719,10230,25415,20175,23192,12773,25415
690,1972-07,18279,17719,10230,25415,20175,23192,12773,25415
691,1972-08,18279,17719,10230,25415,20175,23192,12773,25415
692,1972-09,18279,17719,10230,25415,20175,23192,12773,25415
693,1972-10,18279,17719,10230,25415,20175,23192,12773,25415
694,1972-11,18279,17719,10230,25415,20175,23192,12773,25415
695,1972-12,18279,17719,10230,25415,20175,23192,12773,25415
696,1973-01,19191,18498,10804,26603,21097,24173,13770,26603
697,1973-02,19191,18498,10804,26603,21097,24173,13770,26603
698,1973-03,19191,18498,10804,26603,21097,24173,13770,26603
699,1973-04,19191,18498,10804,26603,21097,24173,13770,26603
700,1973-05,19191,18498,10804,26603,21097,24173,13770,26603
701,1973-06,19191,18498,10804,26603,21097,24173,13770,26603
702,1973-07,19191,18498,10804,26603,21097,24173,13770,26603
703,1973-08,19191,18498,10804,26603,21097,24173,13770,26603
704,1973-09,19191,18498,10804,26603,21097,24173,13770,26603
705,1973-10,19191,18498,10804,26603,21097,24173,13770,26603
706,1973-11,19191,18498,10804,26603,21097,24173,13770,26603
707,1973-12,19191,18498,10804,26603,21097,24173,13770,26603
708,1974-01,19643,18655,11198,26287,21571,24368,14658,26287
709,1974-02,19643,18655,11198,26287,21571,24368,14658,26287
710,1974-03,19643,18655,11198,26287,21571,24368,14658,26287
711,1974-04,19643,18655,11198,26287,21571,24368,14658,26287
712,1974-05,19643,18655,11198,26287,21571,24368,14658,26287
713,1974-06,19643,18655,11198,26287,21571,24368,14658,26287
714,1974-07,19643,18655,11198,26287,21571,24368,14658,26287
715,1974-08,19643,18655,11198,26287,21571,24368,14658,26287
716,1974-09,19643,18655,11198,26287,21571,24368,14658,26287
717,1974-10,19643,18655,11198,26287,21571,24368,14658,26287
718,1974-11,19643,18655,11198,26287,21571,24368,14658,26287
719,1974-12,19643,18655,11198,26287,21571,24368,14658,26287
720,1975-01,19599,18839,11329,25956,21316,24323,14933,25956
721,1975-02,19599,18839,11329,25956,21316,24323,14933,25956
722,1975-03,19599,18839,11329,25956,21316,24323,14933,25956
723,1975-04,19599,18839,11329,25956,21316,24323,14933,25956
724,1975-05,19599,18839,11329,25956,21316,24323,14933,25956
725,1975-06,19599,18839,11329,25956,21316,24323,14933,25956
726,1975-07,19599,18839,11329,25956,21316,24323,14933,25956
727,1975-08,19599,18839,11329,25956,21316,24323,14933,25956
728,1975-09,19599,18839,11329,25956,21316,24323,14933,25956
729,1975-10,19599,18839,11329,25956,21316,24323,14933,25956
730,1975-11,19599,18839,11329,25956,21316,24323,14933,25956
731,1975-12,19599,18839,11329,25956,21316,24323,14933,25956
732,1976-01,20451,19929,11836,27059,22154,25623,15443,27059
733,1976-02,20451,19929,11836,27059,22154,25623,15443,27059
734,1976-03,20451,19929,11836,27059,22154,25623,15443,27059
735,1976-04,20451,19929,11836,27059,22154,25623,15443,27059
736,1976-05,20451,19929,11836,27059,22154,25623,15443,27059
737,1976-06,20451,19929,11836,27059,22154,25623,15443,27059
738,1976-07,20451,19929,11836,27059,22154,25623,15443,27059
739,1976-08,20451,19929,11836,27059,22154,25623,15443,27059
740,1976-09,20451,19929,11836,27059,22154,25623,15443,27059
741,1976-10,20451,19929,11836,27059,22154,25623,15443,27059
742,1976-11,20451,19929,11836,27059,22154,25623,15443,27059
743,1976-12,20451,19929,11836,27059,22154,25623,15443,27059
744,1977-01,21228,20553,12270,28001,22888,26406,15784,28001
745,1977-02,21228,20553,12270,28001,22888,26406,15784,28001
746,1977-03,21228,20553,12270,28001,22888,26406,15784,28001
747,1977-04,21228,20553,12270,28001,22888,26406,15784,28001
748,1977-05,21228,20553,12270,28001,22888,26406,15784,28001
749,1977-06,21228,20553,12270,28001,22888,26406,15784,28001
750,1977-07,21228,20553,12270,28001,22888,26406,15784,28001
751,1977-08,21228,20553,12270,28001,22888,26406,15784,28001
752,1977-09,21228,20553,12270,28001,22888,26406,15784,28001
753,1977-10,21228,20553,12270,28001,22888,26406,15784,28001
754,1977-11,21228,20553,12270,28001,22888,26406,15784,28001
755,1977-12,21228,20553,12270,28001,22888,26406,15784,28001
756,1978-01,21785,21156,12656,29287,23427,27181,16058,29287
757,1978-02,21785,21156,12656,29287,23427,27181,16058,29287
758,1978-03,21785,21156,12656,29287,23427,27181,16058,29287
759,1978-04,21785,21156,12656,29287,23427,27181,16058,29287
760,1978-05,21785,21156,12656,29287,23427,27181,16058,29287
761,1978-06,21785,21156,12656,29287,23427,27181,16058,29287
762,1978-07,21785,21156,12656,29287,23427,27181,16058,29287
763,1978-08,21785,21156,12656,29287,23427,27181,16058,29287
764,1978-09,21785,21156,12656,29287,23427,27181,16058,29287
765,1978-10,21785,21156,12656,29287,23427,27181,16058,29287
766,1978-11,21785,21156,12656,29287,23427,27181,16058,29287
767,1978-12,21785,21156,12656,29287,23427,27181,16058,29287
768,1979-01,22481,22021,12871,29951,24075,28268,16186,29951
769,1979-02,22481,22021,12871,29951,24075,28268,16186,29951
770,1979-03,22481,22021,12871,29951,24075,28268,16186,29951
771,1979-04,22481,22021,12871,29951,24075,28268,16186,29951
772,1979-05,22481,22021,12871,29951,24075,28268,16186,29951
773,1979-06,22481,22021,12871,29951,24075,28268,16186,29951
774,1979-07,22481,22021,12871,29951,24075,28268,16186,29951
775,1979-08,22481,22021,12871,29951,24075,28268,16186,29951
776,1979-09,22481,22021,12871,29951,24075,28268,16186,29951
777,1979-10,22481,22021,12871,29951,24075,28268,16186,29951
778,1979-11,22481,22021,12871,29951,24075,28268,16186,29951
779,1979-12,22481,22021,12871,29951,24075,28268,16186,29951
780,1980-01,22713,22053,13352,29613,24292,28512,16574,29613
781,1980-02,22713,22053,13352,29613,24292,28512,16574,29613
782,1980-03,22713,22053,13352,29613,24292,28512,16574,29613
783,1980-04,22713,22053,13352,29613,24292,28512,16574,29613
784,1980-05,22713,22053,13352,29613,24292,28512,16574,29613
785,1980-06,22713,22053,13352,29613,24292,28512,16574,29613
786,1980-07,22713,22053,13352,29613,24292,28512,16574,29613
787,1980-08,22713,22053,13352,29613,24292,28512,16574,29613
788,1980-09,22713,22053,13352,29613,24292,28512,16574,29613
789,1980-10,22713,22053,13352,29613,24292,28512,16574,29613
790,1980-11,22713,22053,13352,29613,24292,28512,16574,29613
791,1980-12,22713,22053,13352,29613,24292,28512,16574,29613
792,1981-01,22083,21443,12607,30056,24413,28581,16440,30056
793,1981-02,22083,21443,12607,30056,24413,28581,16440,30056
794,1981-03,22083,21443,12607,30056,24413,28581,16440,30056
795,1981-04,22083,21443,12607,30056,24413,28581,16440,30056
796,1981-05,22083,21443,12607,30056,24413,28581,16440,30056
797,1981-06,22083,21443,12607,30056,24413,28581,16440,30056
798,1981-07,22083,21443,12607,30056,24413,28581,16440,30056
799,1981-08,22083,21443,12607,30056,24413,28581,16440,30056
800,1981-09,22083,21443,12607,30056,24413,28581,16440,30056
801,1981-10,22083,21443,12607,30056,24413,28581,16440,30056
802,1981-11,22083,21443,12607,30056,24413,28581,16440,30056
803,1981-12,22083,21443,12607,30056,24413,28581,16440,30056
804,1982-01,22053,20991,12253,29211,24893,28361,16618,29211
805,1982-02,22053,20991,12253,29211,24893,28361,16618,29211
806,1982-03,22053,20991,12253,29211,24893,28361,16618,29211
807,1982-04,22053,20991,12253,29211,24893,28361,16618,29211
808,1982-05,22053,20991,12253,29211,24893,28361,16618,29211
809,1982-06,22053,20991,12253,29211,24893,28361,16618,29211
810,1982-07,22053,20991,12253,29211,24893,28361,16618,29211
811,1982-08,22053,20991,12253,29211,24893,28361,16618,29211
812,1982-09,22053,20991,12253,29211,24893,28361,16618,29211
813,1982-10,22053,20991,12253,29211,24893,28361,16618,29211
814,1982-11,22053,20991,12253,29211,24893,28361,16618,29211
815,1982-12,22053,20991,12253,29211,24893,28361,16618,29211
816,1983-01,21639,21102,11968,30159,25080,28946,16846,30159
817,1983-02,21639,21102,11968,30159,25080,28946,16846,30159
818,1983-03,21639,21102,11968,30159,25080,28946,16846,30159
819,1983-04,21639,21102,11968,30159,25080,28946,16846,30159
820,1983-05,21639,21102,11968,30159,25080,28946,16846,30159
821,1983-06,21639,21102,11968,30159,25080,28946,16846,30159
822,1983-07,21639,21102,11968,30159,25080,28946,16846,30159
823,1983-08,21639,21102,11968,30159,25080,28946,16846,30159
824,1983-09,21639,21102,11968,30159,25080,28946,16846,30159
825,1983-10,21639,21102,11968,30159,25080,28946,16846,30159
826,1983-11,21639,21102,11968,30159,25080,28946,16846,30159
827,1983-12,21639,21102,11968,30159,25080,28946,16846,30159
828,1984-01,21192,21247,11585,32076,25305,29863,16928,32076
829,1984-02,21192,21247,11585,32076,25305,29863,16928,32076
830,1984-03,21192,21247,11585,32076,25305,29863,16928,32076
831,1984-04,21192,21247,11585,32076,25305,29863,16928,32076
832,1984-05,21192,21247,11585,32076,25305,29863,16928,32076
833,1984-06,21192,21247,11585,32076,25305,29863,16928,32076
834,1984-07,21192,21247,11585,32076,25305,29863,16928,32076
835,1984-08,21192,21247,11585,32076,25305,29863,16928,32076
836,1984-09,21192,21247,11585,32076,25305,29863,16928,32076
837,1984-10,21192,21247,11585,32076,25305,29863,16928,32076
838,1984-11,21192,21247,11585,32076,25305,29863,16928,32076
839,1984-12,21192,21247,11585,32076,25305,29863,16928,32076
840,1985-01,20830,21377,11538,33024,25549,30584,17381,33024
841,1985-02,20830,21377,11538,33024,25549,30584,17381,33024
842,1985-03,20830,21377,11538,33024,25549,30584,17381,33024
843,1985-04,20830,21377,11538,33024,25549,30584,17381,33024
844,1985-05,20830,21377,11538,33024,25549,30584,17381,33024
845,1985-06,20830,21377,11538,33024,25549,30584,17381,33024
846,1985-07,20830,21377,11538,33024,25549,30584,17381,33024
847,1985-08,20830,21377,11538,33024,25549,30584,17381,33024
848,1985-09,20830,21377,11538,33024,25549,30584,17381,33024
849,1985-10,20830,21377,11538,33024,25549,30584,17381,33024
850,1985-11,20830,21377,11538,33024,25549,30584,17381,33024
851,1985-12,20830,21377,11538,33024,25549,30584,17381,33024
852,1986-01,21857,22858,12383,33851,26047,31249,18028,33851
853,1986-02,21857,22858,12383,33851,26047,31249,18028,33851
854,1986-03,21857,22858,12383,33851,26047,31249,18028,33851
855,1986-04,21857,22858,12383,33851,26047,31249,18028,33851
856,1986-05,21857,22858,12383,33851,26047,31249,18028,33851
857,1986-06,21857,22858,12383,33851,26047,31249,18028,33851
858,1986-07,21857,22858,12383,33851,26047,31249,18028,33851
859,1986-08,21857,22858,12383,33851,26047,31249,18028,33851
860,1986-09,21857,22858,12383,33851,26047,31249,18028,33851
861,1986-10,21857,22858,12383,33851,26047,31249,18028,33851
862,1986-11,21857,22858,12383,33851,26047,31249,18028,33851
863,1986-12,21857,22858,12383,33851,26047,31249,18028,33851
864,1987-01,22324,23740,13449,34730,26581,31718,19248,34730
865,1987-02,22324,23740,13449,34730,26581,31718,19248,34730
866,1987-03,22324,23740,13449,34730,26581,31718,19248,34730
867,1987-04,22324,23740,13449,34730,26581,31718,19248,34730
868,1987-05,22324,23740,13449,34730,26581,31718,19248,34730
869,1987-06,22324,23740,13449,34730,26581,31718,19248,34730
870,1987-07,22324,23740,13449,34730,26581,31718,19248,34730
871,1987-08,22324,23740,13449,34730,26581,31718,19248,34730
872,1987-09,22324,23740,13449,34730,26581,31718,19248,34730
873,1987-10,22324,23740,13449,34730,26581,31718,19248,34730
874,1987-11,22324,23740,13449,34730,26581,31718,19248,34730
875,1987-12,22324,23740,13449,34730,26581,31718,19248,34730
876,1988-01,23348,24887,14597,35865,27621,32645,20436,35865
877,1988-02,23348,24887,14597,35865,27621,32645,20436,35865
878,1988-03,23348,24887,14597,35865,27621,32645,20436,35865
879,1988-04,23348,24887,14597,35865,27621,32645,20436,35865
880,1988-05,23348,24887,14597,35865,27621,32645,20436,35865
881,1988-06,23348,24887,14597,35865,27621,32645,20436,35865
882,1988-07,23348,24887,14597,35865,27621,32645,20436,35865
883,1988-08,23348,24887,14597,35865,27621,32645,20436,35865
884,1988-09,23348,24887,14597,35865,27621,32645,20436,35865
885,1988-10,23348,24887,14597,35865,27621,32645,20436,35865
886,1988-11,23348,24887,14597,35865,27621,32645,20436,35865
887,1988-12,23348,24887,14597,35865,27621,32645,20436,35865
888,1989-01,24014,25724,15817,36757,28460,33449,21722,36757
889,1989-02,24014,25724,15817,36757,28460,33449,21722,36757
890,1989-03,24014,25724,15817,36757,28460,33449,21722,36757
891,1989-04,24014,25724,15817,36757,28460,33449,21722,36757
892,1989-05,24014,25724,15817,36757,28460,33449,21722,36757
893,1989-06,24014,25724,15817,36757,28460,33449,21722,36757
894,1989-07,24014,25724,15817,36757,28460,33449,21722,36757
895,1989-08,24014,25724,15817,36757,28460,33449,21722,36757
896,1989-09,24014,25724,15817,36757,28460,33449,21722,36757
897,1989-10,24014,25724,15817,36757,28460,33449,21722,36757
898,1989-11,24014,25724,15817,36757,28460,33449,21722,36757
899,1989-12,24014,25724,15817,36757,28460,33449,21722,36757
900,1990-01,24349,25054,16764,36982,29031,32178,22735,36982
901,1990-02,24349,25054,16764,36982,29031,32178,22735,36982
902,1990-03,24349,25054,16764,36982,29031,32178,22735,36982
903,1990-04,24349,25054,16764,36982,29031,32178,22735,36982
904,1990-05,24349,25054,16764,36982,29031,32178,22735,36982
905,1990-06,24349,25054,16764,36982,29031,32178,22735,36982
906,1990-07,24349,25054,16764,36982,29031,32178,22735,36982
907,1990-08,24349,25054,16764,36982,29031,32178,22735,36982
908,1990-09,24349,25054,16764,36982,29031,32178,22735,36982
909,1990-10,24349,25054,16764,36982,29031,32178,22735,36982
910,1990-11,24349,25054,16764,36982,29031,32178,22735,36982
911,1990-12,24349,25054,16764,36982,29031,32178,22735,36982
912,1991-01,24533,26568,17846,36464,29158,33545,23425,36464
913,1991-02,24533,26568,17846,36464,29158,33545,23425,36464
914,1991-03,24533,26568,17846,36464,29158,33545,23425,36464
915,1991-04,24533,26568,17846,36464,29158,33545,23425,36464
916,1991-05,24533,26568,17846,36464,29158,33545,23425,36464
917,1991-06,24533,26568,17846,36464,29158,33545,23425,36464
918,1991-07,24533,26568,17846,36464,29158,33545,23425,36464
919,1991-08,24533,26568,17846,36464,29158,33545,23425,36464
920,1991-09,24533,26568,17846,36464,29158,33545,23425,36464
921,1991-10,24533,26568,17846,36464,29158,33545,23425,36464
922,1991-11,24533,26568,17846,36464,29158,33545,23425,36464
923,1991-12,24533,26568,17846,36464,29158,33545,23425,36464
924,1992-01,24774,27098,18192,37241,29449,33931,23671,37241
925,1992-02,24774,27098,18192,37241,29449,33931,23671,37241
926,1992-03,24774,27098,18192,37241,29449,33931,23671,37241
927,1992-04,24774,27098,18192,37241,29449,33931,23671,37241
928,1992-05,24774,27098,18192,37241,29449,33931,23671,37241
929,1992-06,24774,27098,18192,37241,29449,33931,23671,37241
930,1992-07,24774,27098,18192,37241,29449,33931,23671,37241
931,1992-08,24774,27098,18192,37241,29449,33931,23671,37241
932,1992-09,24774,27098,18192,37241,29449,33931,23671,37241
933,1992-10,24774,27098,18192,37241,29449,33931,23671,37241
934,1992-11,24774,27098,18192,37241,29449,33931,23671,37241
935,1992-12,24774,27098,18192,37241,29449,33931,23671,37241
936,1993-01,24563,27199,18250,37762,29113,33387,23166,37762
937,1993-02,24563,27199,18250,37762,29113,33387,23166,37762
938,1993-03,24563,27199,18250,37762,29113,33387,23166,37762
939,1993-04,24563,27199,18250,37762,29113,33387,23166,37762
940,1993-05,24563,27199,18250,37762,29113,33387,23166,37762
941,1993-06,24563,27199,18250,37762,29113,33387,23166,37762
942,1993-07,24563,27199,18250,37762,29113,33387,23166,37762
943,1993-08,24563,27199,18250,37762,29113,33387,23166,37762
944,1993-09,24563,27199,18250,37762,29113,33387,23166,37762
945,1993-10,24563,27199,18250,37762,29113,33387,23166,37762
946,1993-11,24563,27199,18250,37762,29113,33387,23166,37762
947,1993-12,24563,27199,18250,37762,29113,33387,23166,37762
948,1994-01,25060,28297,19045,38808,29656,34089,23690,38808
949,1994-02,25060,28297,19045,38808,29656,34089,23690,38808
950,1994-03,25060,28297,19045,38808,29656,34089,23690,38808
951,1994-04,25060,28297,19045,38808,29656,34089,23690,38808
952,1994-05,25060,28297,19045,38808,29656,34089,23690,38808
953,1994-06,25060,28297,19045,38808,29656,34089,23690,38808
954,1994-07,25060,28297,19045,38808,29656,34089,23690,38808
955,1994-08,25060,28297,19045,38808,29656,34089,23690,38808
956,1994-09,25060,28297,19045,38808,29656,34089,23690,38808
957,1994-10,25060,28297,19045,38808,29656,34089,23690,38808
958,1994-11,25060,28297,19045,38808,29656,34089,23690,38808
959,1994-12,25060,28297,19045,38808,29656,34089,23690,38808
960,1995-01,25434,29211,20117,39391,30135,34579,24465,39391
961,1995-02,25434,29211,20117,39391,30135,34579,24465,39391
962,1995-03,25434,29211,20117,39391,30135,34579,24465,39391
963,1995-04,25434,29211,20117,39391,30135,34579,24465,39391
964,1995-05,25434,29211,20117,39391,30135,34579,24465,39391
965,1995-06,25434,29211,20117,39391,30135,34579,24465,39391
966,1995-07,25434,29211,20117,39391,30135,34579,24465,39391
967,1995-08,25434,29211,20117,39391,30135,34579,24465,39391
968,1995-09,25434,29211,20117,39391,30135,34579,24465,39391
969,1995-10,25434,29211,20117,39391,30135,34579,24465,39391
970,1995-11,25434,29211,20117,39391,30135,34579,24465,39391
971,1995-12,25434,29211,20117,39391,30135,34579,24465,39391
972,1996-01,25692,29415,20655,40414,30415,34761,25017,40414
973,1996-02,25692,29415,20655,40414,30415,34761,25017,40414
974,1996-03,25692,29415,20655,40414,30415,34761,25017,40414
975,1996-04,25692,29415,20655,40414,30415,34761,25017,40414
976,1996-05,25692,29415,20655,40414,30415,34761,25017,40414
977,1996-06,25692,29415,20655,40414,30415,34761,25017,40414
978,1996-07,25692,29415,20655,40414,30415,34761,25017,40414
979,1996-08,25692,29415,20655,40414,30415,34761,25017,40414
980,1996-09,25692,29415,20655,40414,30415,34761,25017,40414
981,1996-10,25692,29415,20655,40414,30415,34761,25017,40414
982,1996-11,25692,29415,20655,40414,30415,34761,25017,40414
983,1996-12,25692,29415,20655,40414,30415,34761,25017,40414
984,1997-01,27237,30586,22161,41723,30987,35352,25856,41723
985,1997-02,27237,30586,22161,41723,30987,35352,25856,41723
986,1997-03,27237,30586,22161,41723,30987,35352,25856,41723
987,1997-04,27237,30586,22161,41723,30987,35352,25856,41723
988,1997-05,27237,30586,22161,41723,30987,35352,25856,41723
989,1997-06,27237,30586,22161,41723,30987,35352,25856,41723
990,1997-07,27237,30586,22161,41723,30987,35352,25856,41723
991,1997-08,27237,30586,22161,41723,30987,35352,25856,41723
992,1997-09,27237,30586,22161,41723,30987,35352,25856,41723
993,1997-10,27237,30586,22161,41723,30987,35352,25856,41723
994,1997-11,27237,30586,22161,41723,30987,35352,25856,41723
995,1997-12,27237,30586,22161,41723,30987,35352,25856,41723
996,1998-01,28888,31964,23756,43073,31941,36047,26949,43073
997,1998-02,28888,31964,23756,43073,31941,36047,26949,43073
998,1998-03,28888,31964,23756,43073,31941,36047,26949,43073
999,1998-04,28888,31964,23756,43073,31941,36047,26949,43073
1000,1998-05,28888,31964,23756,43073,31941,36047,26949,43073
1001,1998-06,28888,31964,23756,43073,31941,36047,26949,43073
1002,1998-07,28888,31964,23756,43073,31941,36047,26949,43073
1003,1998-08,28888,31964,23756,43073,31941,36047,26949,43073
1004,1998-09,28888,31964,23756,43073,31941,36047,26949,43073
1005,1998-10,28888,31964,23756,43073,31941,36047,26949,43073
1006,1998-11,28888,31964,23756,43073,31941,36047,26949,43073
1007,1998-12,28888,31964,23756,43073,31941,36047,26949,43073
1008,1999-01,29973,33145,24842,44576,32872,36739,28127,44576
1009,1999-02,29973,33145,24842,44576,32872,36739,28127,44576
1010,1999-03,29973,33145,24842,44576,32872,36739,28127,44576
1011,1999-04,29973,33145,24842,44576,32872,36739,28127,44576
1012,1999-05,29973,33145,24842,44576,32872,36739,28127,44576
1013,1999-06,29973,33145,24842,44576,32872,36739,28127,44576
1014,1999-07,29973,33145,24842,44576,32872,36739,28127,44576
1015,1999-08,29973,33145,24842,44576,32872,36739,28127,44576
1016,1999-09,29973,33145,24842,44576,32872,36739,28127,44576
1017,1999-10,29973,33145,24842,44576,32872,36739,28127,44576
1018,1999-11,29973,33145,24842,44576,32872,36739,28127,44576
1019,1999-12,29973,33145,24842,44576,32872,36739,28127,44576
1020,2000-01,31771,33975,26424,45887,33967,37776,29481,45887
1021,2000-02,31771,33975,26424,45887,33967,37776,29481,45887
1022,2000-03,31771,33975,26424,45887,33967,37776,29481,45887
1023,2000-04,31771,33975,26424,45887,33967,37776,29481,45887
1024,2000-05,31771,33975,26424,45887,33967,37776,29481,45887
1025,2000-06,31771,33975,26424,45887,33967,37776,29481,45887
1026,2000-07,31771,33975,26424,45887,33967,37776,29481,45887
1027,2000-08,31771,33975,26424,45887,33967,37776,29481,45887
1028,2000-09,31771,33975,26424,45887,33967,37776,29481,45887
1029,2000-10,31771,33975,26424,45887,33967,37776,29481,45887
1030,2000-11,31771,33975,26424,45887,33967,37776,29481,45887
1031,2000-12,31771,33975,26424,45887,33967,37776,29481,45887
1032,2001-01,32740,34560,27372,45878,34434,38352,30501,45878
1033,2001-02,32740,34560,27372,45878,34434,38352,30501,45878
1034,2001-03,32740,34560,27372,45878,34434,38352,30501,45878
1035,2001-04,32740,34560,27372,45878,34434,38352,30501,45878
1036,2001-05,32740,34560,27372,45878,34434,38352,30501,45878
1037,2001-06,32740,34560,27372,45878,34434,38352,30501,45878
1038,2001-07,32740,34560,27372,45878,34434,38352,30501,45878
1039,2001-08,32740,34560,27372,45878,34434,38352,30501,45878
1040,2001-09,32740,34560,27372,45878,34434,38352,30501,45878
1041,2001-10,32740,34560,27372,45878,34434,38352,30501,45878
1042,2001-11,32740,34560,27372,45878,34434,38352,30501,45878
1043,2001-12,32740,34560,27372,45878,34434,38352,30501,45878
1044,2002-01,33151,34674,28263,46267,34618,38288,30902,46267
1045,2002-02,33151,34674,28263,46267,34618,38288,30902,46267
1046,2002-03,33151,34674,28263,46267,34618,38288,30902,46267
1047,2002-04,33151,34674,28263,46267,34618,38288,30902,46267
1048,2002-05,33151,34674,28263,46267,34618,38288,30902,46267
1049,2002-06,33151,34674,28263,46267,34618,38288,30902,46267
1050,2002-07,33151,34674,28263,46267,34618,38288,30902,46267
1051,2002-08,33151,34674,28263,46267,34618,38288,30902,46267
1052,2002-09,33151,34674,28263,46267,34618,38288,30902,46267
1053,2002-10,33151,34674,28263,46267,34618,38288,30902,46267
1054,2002-11,33151,34674,28263,46267,34618,38288,30902,46267
1055,2002-12,33151,34674,28263,46267,34618,38288,30902,46267
1056,2003-01,31556,34976,27722,47158,34707,37995,31315,47158
1057,2003-02,31556,34976,27722,47158,34707,37995,31315,47158
1058,2003-03,31556,34976,27722,47158,34707,37995,31315,47158
1059,2003-04,31556,34976,27722,47158,34707,37995,31315,47158
1060,2003-05,31556,34976,27722,47158,34707,37995,31315,47158
1061,2003-06,31556,34976,27722,47158,34707,37995,31315,47158
1062,2003-07,31556,34976,27722,47158,34707,37995,31315,47158
1063,2003-08,31556,34976,27722,47158,34707,37995,31315,47158
1064,2003-09,31556,34976,27722,47158,34707,37995,31315,47158
1065,2003-10,31556,34976,27722,47158,34707,37995,31315,47158
1066,2003-11,31556,34976,27722,47158,34707,37995,31315,47158
1067,2003-12,31556,34976,27722,47158,34707,37995,31315,47158
1068,2004-01,32202,35908,28220,48493,35465,38448,31823,48493
1069,2004-02,32202,35908,28220,48493,35465,38448,31823,48493
1070,2004-03,32202,35908,28220,48493,35465,38448,31823,48493
1071,2004-04,32202,35908,28220,48493,35465,38448,31823,48493
1072,2004-05,32202,35908,28220,48493,35465,38448,31823,48493
1073,2004-06,32202,35908,28220,48493,35465,38448,31823,48493
1074,2004-07,32202,35908,28220,48493,35465,38448,31823,48493
1075,2004-08,32202,35908,28220,48493,35465,38448,31823,48493
1076,2004-09,32202,35908,28220,48493,35465,38448,31823,48493
1077,2004-10,32202,35908,28220,48493,35465,38448,31823,48493
1078,2004-11,32202,35908,28220,48493,35465,38448,31823,48493
1079,2004-12,32202,35908,28220,48493,35465,38448,31823,48493
1080,2005-01,33428,37305,29465,49655,35817,38741,32406,49655
1081,2005-02,33428,37305,29465,49655,35817,38741,32406,49655
1082,2005-03,33428,37305,29465,49655,35817,38741,32406,49655
1083,2005-04,33428,37305,29465,49655,35817,38741,32406,49655
1084,2005-05,33428,37305,29465,49655,35817,38741,32406,49655
1085,2005-06,33428,37305,29465,49655,35817,38741,32406,49655
1086,2005-07,33428,37305,29465,49655,35817,38741,32406,49655
1087,2005-08,33428,37305,29465,49655,35817,38741,32406,49655
1088,2005-09,33428,37305,29465,49655,35817,38741,32406,49655
1089,2005-10,33428,37305,29465,49655,35817,38741,32406,49655
1090,2005-11,33428,37305,29465,49655,35817,38741,32406,49655
1091,2005-12,33428,37305,29465,49655,35817,38741,32406,49655
1092,2006-01,34098,38784,31493,50490,36439,40220,33211,50490
1093,2006-02,34098,38784,31493,50490,36439,40220,33211,50490
1094,2006-03,34098,38784,31493,50490,36439,40220,33211,50490
1095,2006-04,34098,38784,31493,50490,36439,40220,33211,50490
1096,2006-05,34098,38784,31493,50490,36439,40220,33211,50490
1097,2006-06,34098,38784,31493,50490,36439,40220,33211,50490
1098,2006-07,34098,38784,31493,50490,36439,40220,33211,50490
1099,2006-08,34098,38784,31493,50490,36439,40220,33211,50490
1100,2006-09,34098,38784,31493,50490,36439,40220,33211,50490
1101,2006-10,34098,38784,31493,50490,36439,40220,33211,50490
1102,2006-11,34098,38784,31493,50490,36439,40220,33211,50490
1103,2006-12,34098,38784,31493,50490,36439,40220,33211,50490
1104,2007-01,35855,41047,33516,50902,37068,41587,33801,50902
1105,2007-02,35855,41047,33516,50902,37068,41587,33801,50902
1106,2007-03,35855,41047,33516,50902,37068,41587,33801,50902
1107,2007-04,35855,41047,33516,50902,37068,41587,33801,50902
1108,2007-05,35855,41047,33516,50902,37068,41587,33801,50902
1109,2007-06,35855,41047,33516,50902,37068,41587,33801,50902
1110,2007-07,35855,41047,33516,50902,37068,41587,33801,50902
1111,2007-08,35855,41047,33516,50902,37068,41587,33801,50902
1112,2007-09,35855,41047,33516,50902,37068,41587,33801,50902
1113,2007-10,35855,41047,33516,50902,37068,41587,33801,50902
1114,2007-11,35855,41047,33516,50902,37068,41587,33801,50902
1115,2007-12,35855,41047,33516,50902,37068,41587,33801,50902
1116,2008-01,35755,41333,33492,50276,36928,42117,33643,50276
1117,2008-02,35755,41333,33492,50276,36928,42117,33643,50276
1118,2008-03,35755,41333,33492,50276,36928,42117,33643,50276
1119,2008-04,35755,41333,33492,50276,36928,42117,33643,50276
1120,2008-05,35755,41333,33492,50276,36928,42117,33643,50276
1121,2008-06,35755,41333,33492,50276,36928,42117,33643,50276
1122,2008-07,35755,41333,33492,50276,36928,42117,33643,50276
1123,2008-08,35755,41333,33492,50276,36928,42117,33643,50276
1124,2008-09,35755,41333,33492,50276,36928,42117,33643,50276
1125,2008-10,35755,41333,33492,50276,36928,42117,33643,50276
1126,2008-11,35755,41333,33492,50276,36928,42117,33643,50276
1127,2008-12,35755,41333,33492,50276,36928,42117,33643,50276
1128,2009-01,35255,39480,32962,48453,35642,39852,32181,48453
1129,2009-02,35255,39480,32962,48453,35642,39852,32181,48453
1130,2009-03,35255,39480,32962,48453,35642,39852,32181,48453
1131,2009-04,35255,39480,32962,48453,35642,39852,32181,48453
1132,2009-05,35255,39480,32962,48453,35642,39852,32181,48453
1133,2009-06,35255,39480,32962,48453,35642,39852,32181,48453
1134,2009-07,35255,39480,32962,48453,35642,39852,32181,48453
1135,2009-08,35255,39480,32962,48453,35642,39852,32181,48453
1136,2009-09,35255,39480,32962,48453,35642,39852,32181,48453
1137,2009-10,35255,39480,32962,48453,35642,39852,32181,48453
1138,2009-11,35255,39480,32962,48453,35642,39852,32181,48453
1139,2009-12,35255,39480,32962,48453,35642,39852,32181,48453
1140,2010-01,35871,41215,32160,49267,36141,41576,32042,49267
1141,2010-02,35871,41215,32160,49267,36141,41576,32042,49267
1142,2010-03,35871,41215,32160,49267,36141,41576,32042,49267
1143,2010-04,35871,41215,32160,49267,36141,41576,32042,49267
1144,2010-05,35871,41215,32160,49267,36141,41576,32042,49267
1145,2010-06,35871,41215,32160,49267,36141,41576,32042,49267
1146,2010-07,35871,41215,32160,49267,36141,41576,32042,49267
1147,2010-08,35871,41215,32160,49267,36141,41576,32042,49267
1148,2010-09,35871,41215,32160,49267,36141,41576,32042,49267
1149,2010-10,35871,41215,32160,49267,36141,41576,32042,49267
1150,2010-11,35871,41215,32160,49267,36141,41576,32042,49267
1151,2010-12,35871,41215,32160,49267,36141,41576,32042,49267
1152,2011-01,36691,43189,31600,49675,36691,43189,31600,49675
1153,2011-02,36691,43189,31600,49675,36691,43189,31600,49675
1154,2011-03,36691,43189,31600,49675,36691,43189,31600,49675
1155,2011-04,36691,43189,31600,49675,36691,43189,31600,49675
1156,2011-05,36691,43189,31600,49675,36691,43189,31600,49675
1157,2011-06,36691,43189,31600,49675,36691,43189,31600,49675
1158,2011-07,36691,43189,31600,49675,36691,43189,31600,49675
1159,2011-08,36691,43189,31600,49675,36691,43189,31600,49675
1160,2011-09,36691,43189,31600,49675,36691,43189,31600,49675
1161,2011-10,36691,43189,31600,49675,36691,43189,31600,49675
1162,2011-11,36691,43189,31600,49675,36691,43189,31600,49675
1163,2011-12,36691,43189,31600,49675,36691,43189,31600,49675
1164,2012-01,36773,43198,31491,50394,36571,43320,30699,50394
1165,2012-02,36773,43198,31491,50394,36571,43320,30699,50394
1166,2012-03,36773,43198,31491,50394,36571,43320,30699,50394
1167,2012-04,36773,43198,31491,50394,36571,43320,30699,50394
1168,2012-05,36773,43198,31491,50394,36571,43320,30699,50394
1169,2012-06,36773,43198,31491,50394,36571,43320,30699,50394
1170,2012-07,36773,43198,31491,50394,36571,43320,30699,50394
1171,2012-08,36773,43198,31491,50394,36571,43320,30699,50394
1172,2012-09,36773,43198,31491,50394,36571,43320,30699,50394
1173,2012-10,36773,43198,31491,50394,36571,43320,30699,50394
1174,2012-11,36773,43198,31491,50394,36571,43320,30699,50394
1175,2012-12,36773,43198,31491,50394,36571,43320,30699,50394
1176,2013-01,37926,44560,31527,50863,36632,43413,30280,50863
1177,2013-02,37926,44560,31527,50863,36632,43413,30280,50863
1178,2013-03,37926,44560,31527,50863,36632,43413,30280,50863
1179,2013-04,37926,44560,31527,50863,36632,43413,30280,50863
1180,2013-05,37926,44560,31527,50863,36632,43413,30280,50863
1181,2013-06,37926,44560,31527,50863,36632,43413,30280,50863
1182,2013-07,37926,44560,31527,50863,36632,43413,30280,50863
1183,2013-08,37926,44560,31527,50863,36632,43413,30280,50863
1184,2013-09,37926,44560,31527,50863,36632,43413,30280,50863
1185,2013-10,37926,44560,31527,50863,36632,43413,30280,50863
1186,2013-11,37926,44560,31527,50863,36632,43413,30280,50863
1187,2013-12,37926,44560,31527,50863,36632,43413,30280,50863
1188,2014-01,38134,46038,32300,51664,36527,43922,30819,51664
1189,2014-02,38134,46038,32300,51664,36527,43922,30819,51664
1190,2014-03,38134,46038,32300,51664,36527,43922,30819,51664
1191,2014-04,38134,46038,32300,51664,36527,43922,30819,51664
1192,2014-05,38134,46038,32300,51664,36527,43922,30819,51664
1193,2014-06,38134,46038,32300,51664,36527,43922,30819,51664
1194,2014-07,38134,46038,32300,51664,36527,43922,30819,51664
1195,2014-08,38134,46038,32300,51664,36527,43922,30819,51664
1196,2014-09,38134,46038,32300,51664,36527,43922,30819,51664
1197,2014-10,38134,46038,32300,51664,36527,43922,30819,51664
1198,2014-11,38134,46038,32300,51664,36527,43922,30819,51664
1199,2014-12,38134,46038,32300,51664,36527,43922,30819,51664
1200,2015-01,38448,46426,33376,52591,36827,44293,31847,52591
1201,2015-02,38448,46426,33376,52591,36827,44293,31847,52591
1202,2015-03,38448,46426,33376,52591,36827,44293,31847,52591
1203,2015-04,38448,46426,33376,52591,36827,44293,31847,52591
1204,2015-05,38448,46426,33376,52591,36827,44293,31847,52591
1205,2015-06,38448,46426,33376,52591,36827,44293,31847,52591
1206,2015-07,38448,46426,33376,52591,36827,44293,31847,52591
1207,2015-08,38448,46426,33376,52591,36827,44293,31847,52591
1208,2015-09,38448,46426,33376,52591,36827,44293,31847,52591
1209,2015-10,38448,46426,33376,52591,36827,44293,31847,52591
1210,2015-11,38448,46426,33376,52591,36827,44293,31847,52591
1211,2015-12,38448,46426,33376,52591,36827,44293,31847,52591
1212,2016-01,38758,46841,31556,53015,37124,44689,30110,53015
1213,2016-02,38758,46841,31556,53015,37124,44689,30110,53015
1214,2016-03,38758,46841,31556,53015,37124,44689,30110,53015
1215,2016-04,38758,46841,31556,53015,37124,44689,30110,53015
1216,2016-05,38758,46841,31556,53015,37124,44689,30110,53015
1217,2016-06,38758,46841,31556,53015,37124,44689,30110,53015
1218,2016-07,38758,46841,31556,53015,37124,44689,30110,53015
1219,2016-08,38758,46841,31556,53015,37124,44689,30110,53015
1220,2016-09,38758,46841,31556,53015,37124,44689,30110,53015
1221,2016-10,38758,46841,31556,53015,37124,44689,30110,53015
1222,2016-11,38758,46841,31556,53015,37124,44689,30110,53015
1223,2016-12,38758,46841,31556,53015,37124,44689,30110,53015
