Date, Close/Last, Volume, Open, High, Low
12/01/2020, $92.63, 58670530, $92.25, $93.9, $90.78
11/30/2020, $92.66, 84482980, $87.33, $92.74, $86.53
11/27/2020, $87.19, 22717640, $87.99, $88, $86.3598
11/25/2020, $86.71, 41349730, $85.76, $87.84, $85.52
11/24/2020, $85.07, 36839170, $85.724, $86.11, $83.32
11/23/2020, $85.31, 46504960, $85.52, $87.54, $84.615
11/20/2020, $84.64, 35008430, $85.28, $86.1, $84.47
11/19/2020, $85.54, 50116760, $82.39, $85.64, $81.72
11/18/2020, $82.54, 29967960, $83.014, $83.955, $82.22
11/17/2020, $83.36, 29473510, $83.93, $84.81, $82.91
11/16/2020, $83.73, 38640840, $81.21, $83.78, $80.48
11/13/2020, $81.43, 30448460, $82.73, $83.11, $80.7
11/12/2020, $81.84, 37303110, $81.32, $83, $80.3
11/11/2020, $81.28, 44611250, $79.39, $81.47, $78.97
11/10/2020, $77.99, 67137200, $81.93, $82.13, $77.63
11/09/2020, $83.12, 58580680, $84.24, $87.05, $82.77
11/06/2020, $85.88, 53829940, $83.52, $86.09, $82.67
11/05/2020, $83, 46542270, $83.27, $83.5, $81.85
11/04/2020, $81.35, 66579710, $80.25, $81.85, $78.975
11/03/2020, $76.58, 41231800, $74.93, $77.08, $74.6
11/02/2020, $74.7, 45760660, $75.85, $76.3398, $73.7573
10/30/2020, $75.29, 51426170, $77.09, $77.7, $74.23
10/29/2020, $78.02, 52784090, $76.75, $79.18, $76.29
10/28/2020, $76.4, 76529910, $78.73, $78.96, $75.76
10/27/2020, $78.88, 156669500, $82, $82.37, $77.57
10/26/2020, $82.23, 69423680, $82.55, $84.97, $80.86
10/23/2020, $81.96, 46557680, $80.93, $81.99, $79.33
10/22/2020, $79.42, 38006800, $79.65, $80.82, $78.42
10/21/2020, $79.2, 36426410, $81.72, $81.9299, $79.19
10/20/2020, $81.56, 38219420, $82.16, $82.69, $80.58
10/19/2020, $82, 36689110, $83.62, $84.65, $81.53
10/16/2020, $83.17, 31474290, $83.54, $83.99, $82.41
10/15/2020, $83.13, 33696410, $83.4, $84.7201, $82.42
10/14/2020, $84.21, 40446740, $85.86, $85.96, $83.46
10/13/2020, $85.28, 42764100, $84.86, $86.09, $83.9733
10/12/2020, $84.29, 47669700, $83.65, $85.13, $83.12
10/09/2020, $83.1, 80354390, $84.74, $85.75, $82.3465
10/08/2020, $86.51, 54240700, $88.11, $88.72, $85.95
10/07/2020, $86.69, 43045720, $86.1, $87.79, $85.65
10/06/2020, $84.48, 52725430, $86.21, $87.25, $83.54
10/05/2020, $86.15, 47056520, $82.55, $86.2819, $82.55
10/02/2020, $81.8, 52855050, $82.58, $84.65, $81.66
10/01/2020, $84.86, 52177120, $83.06, $85.25, $82.86
09/30/2020, $81.99, 51533660, $81.75, $82.94, $80.66
09/29/2020, $81.77, 61633670, $79.3, $82.55, $79.3
09/28/2020, $79.48, 48005490, $79.117, $79.57, $77.52
09/25/2020, $78.055, 48206240, $76.35, $78.2, $74.67
09/24/2020, $75.82, 57540930, $74.54, $77.25, $73.9
09/23/2020, $74.73, 42327510, $77.39, $77.91, $74.34
09/22/2020, $77.7, 56044740, $78.365, $78.79, $75.27
09/21/2020, $77.94, 61311970, $74.23, $77.98, $73.88
09/18/2020, $74.93, 51082860, $77, $77.4, $73.85
09/17/2020, $76.55, 55619100, $74.88, $76.625, $74.2
09/16/2020, $76.66, 38445670, $79.35, $79.72, $76.54
09/15/2020, $78.93, 57874430, $77.66, $80.33, $75.97
09/14/2020, $77.9, 47448680, $76.8, $78.82, $76.26
09/11/2020, $76.34, 54762990, $79.82, $79.99, $75.04
09/10/2020, $78.98, 51499400, $83.07, $83.31, $78.38
09/09/2020, $81.91, 54163880, $81.4, $82.44, $79.28
09/08/2020, $78.69, 54955670, $78.05, $81.88, $78
09/04/2020, $82.01, 82267760, $81.45, $84.39, $76.33
09/03/2020, $82.54, 87462690, $87.84, $88.47, $81.59
09/02/2020, $90.22, 50366920, $94.01, $94.28, $88.74
09/01/2020, $92.18, 56117100, $91.92, $92.51, $90.1899
08/31/2020, $90.82, 90655950, $85.05, $92.64, $85.05
08/28/2020, $85.55, 40723270, $84.3, $86.04, $84.19
08/27/2020, $83.8, 42194220, $86.35, $86.58, $82.94
08/26/2020, $86.02, 47157270, $86.969, $87.72, $85.2
08/25/2020, $86.35, 49234400, $83.36, $86.62, $82.35
08/24/2020, $83.08, 38036070, $84.55, $85.33, $82.55
08/21/2020, $83.81, 48280320, $83.29, $84.41, $82.23
08/20/2020, $82.77, 42948860, $79.74, $82.84, $79.12
08/19/2020, $81.09, 37507390, $81.776, $81.85, $80.45
08/18/2020, $81.66, 30970480, $82.8, $82.88, $81.03
08/17/2020, $82.42, 31450160, $82.09, $83.06, $81.552
08/14/2020, $81.3, 42389480, $81.81, $83.24, $80.88
08/13/2020, $81.84, 57407360, $82.88, $84.02, $81.54
08/12/2020, $82.61, 88607830, $78.43, $82.88, $77.55
08/11/2020, $76.88, 77877660, $80.71, $80.71, $76.1
08/10/2020, $82.24, 70536140, $85.05, $85.16, $79.3221
08/07/2020, $84.85, 66543160, $86.67, $87.29, $82.6702
08/06/2020, $86.71, 53961740, $85.49, $86.98, $84.7801
08/05/2020, $85.31, 65737310, $84.96, $86.32, $83.32
08/04/2020, $85.04, 155676100, $78.03, $85.805, $77.99
08/03/2020, $77.67, 42628820, $78.19, $78.5, $77.06
07/31/2020, $77.43, 71699670, $78.67, $78.96, $75.36
07/30/2020, $78.2, 80286890, $75.37, $78.96, $75.07
07/29/2020, $76.09, 132969700, $75.5, $77.19, $73.9
07/28/2020, $67.61, 94181370, $68.1, $69.8, $67.02
07/27/2020, $68.97, 107918100, $69.28, $71.63, $67.79
07/24/2020, $69.4, 205314500, $64.18, $69.94, $64.05
07/23/2020, $59.57, 106829100, $61.63, $62.33, $58.6342
07/22/2020, $61.79, 135159400, $57.07, $62, $56.97
07/21/2020, $57, 44800690, $57.805, $58.5, $56.3173
07/20/2020, $57.46, 45034250, $55.23, $57.53, $54.83
07/17/2020, $55.04, 34710410, $55.31, $55.81, $54.68
07/16/2020, $54.92, 36887080, $54.68, $55.15, $53.74
07/15/2020, $55.34, 42360280, $54.96, $55.37, $53.59
07/14/2020, $54.72, 54890110, $53.3, $54.86, $52.26
07/13/2020, $53.59, 57741820, $56.68, $58.35, $53.38
07/10/2020, $55.88, 59839690, $57.54, $58.15, $55.51
07/09/2020, $57.255, 87216260, $53.52, $57.58, $53.31
07/08/2020, $53.43, 35608340, $53.01, $53.47, $52.07
07/07/2020, $52.93, 32153090, $53.28, $54.17, $52.86
07/06/2020, $53.4, 36769430, $52.9, $53.52, $52.33
07/02/2020, $52.34, 29081430, $53.0335, $53.19, $52.0508
07/01/2020, $52.58, 32370950, $52.63, $52.87, $51.6
06/30/2020, $52.61, 42275740, $51.16, $52.77, $50.82
06/29/2020, $50.28, 49905810, $50.15, $50.28, $48.42
06/26/2020, $50.1, 65485730, $51.85, $51.95, $49.45
06/25/2020, $51.93, 51129610, $52.56, $52.7, $50.54
06/24/2020, $52.39, 53535550, $53.94, $54.74, $51.92
06/23/2020, $53.99, 48089010, $55.05, $55.37, $53.87
06/22/2020, $54.76, 44704780, $54.67, $55.17, $53.74
06/19/2020, $54.23, 52801460, $54.41, $55.455, $53.815
06/18/2020, $54.04, 40354720, $54.62, $55.1225, $53.65
06/17/2020, $54.55, 45146550, $54.79, $55.82, $54.3
06/16/2020, $54.46, 50949750, $55.72, $56.07, $53.59
06/15/2020, $54.68, 56740680, $52.58, $54.73, $52.4128
06/12/2020, $53.5, 71189070, $55.01, $55.6, $52.11
06/11/2020, $52.83, 78715400, $55.94, $56.68, $52.8
06/10/2020, $57.44, 78719420, $57.2, $59, $57.03
06/09/2020, $56.39, 79919140, $52.95, $56.46, $52.72
06/08/2020, $52.97, 39681750, $53.3, $53.35, $52.26
06/05/2020, $53.1, 53908270, $52.99, $53.57, $52.08
06/04/2020, $52.63, 44869090, $52.59, $53.74, $52.2
06/03/2020, $52.73, 46765330, $53.597, $53.65, $52.33
06/02/2020, $53.54, 42855210, $53.45, $53.57, $52.01
06/01/2020, $53.63, 36949860, $53.31, $54.11, $52.89
05/29/2020, $53.8, 64948310, $52.07, $53.8, $51.85
05/28/2020, $51.74, 53754230, $52.25, $53.54, $51.25
05/27/2020, $52.74, 102414500, $53.27, $53.28, $49.09
05/26/2020, $53.19, 51618870, $56.01, $56.08, $53.02
05/22/2020, $55.17, 43524110, $54.77, $55.3748, $53.78
05/21/2020, $54.65, 48496110, $56.68, $56.72, $54.61
05/20/2020, $56.39, 50888190, $56.55, $56.98, $55.625
05/19/2020, $55.47, 60388540, $54.39, $56.73, $54.36
05/18/2020, $54.59, 48679060, $54.98, $55.25, $54.24
05/15/2020, $54.2, 66950860, $53.32, $54.435, $52.86
05/14/2020, $54.51, 73814000, $52.1, $54.54, $51.61
05/13/2020, $52.18, 76824710, $54.04, $55.22, $51.295
05/12/2020, $53.76, 55631100, $56.207, $56.58, $53.75
05/11/2020, $55.74, 68746370, $52.9, $55.89, $52.75
05/08/2020, $53.19, 40774190, $52.15, $53.27, $51.81
05/07/2020, $51.95, 48956640, $52.93, $52.9666, $51.62
05/06/2020, $52.16, 48138120, $52.42, $53.31, $51.88
05/05/2020, $52.19, 56560530, $53.43, $53.51, $51.29
05/04/2020, $52.56, 62590580, $49.815, $52.61, $49.73
05/01/2020, $49.88, 69562660, $51.07, $51.95, $49.09
04/30/2020, $52.39, 65543940, $53.43, $54.29, $52.03
04/29/2020, $53.66, 110800900, $54.53, $54.86, $52.74
04/28/2020, $55.51, 80501820, $57.16, $57.35, $55.3
04/27/2020, $56.49, 62568060, $57.44, $58, $56.25
04/24/2020, $56.18, 72854750, $55.1, $56.78, $54.42
04/23/2020, $55.9, 69662690, $56.65, $57.285, $55.64
04/22/2020, $55.92, 63164080, $54.91, $56.15, $54.34
04/21/2020, $52.92, 123906400, $56.9, $57.73, $51.41
04/20/2020, $56.97, 72366360, $55.98, $58.63, $55.85
04/17/2020, $56.6, 76908780, $57.35, $57.755, $55.55
04/16/2020, $56.95, 103106500, $55.96, $58.08, $55.63
04/15/2020, $54.99, 83814030, $53.73, $55.5699, $53.41
04/14/2020, $54.93, 85306750, $52.235, $55.14, $52.11
04/13/2020, $50.94, 64290110, $48.47, $51.07, $48.23
04/09/2020, $48.38, 80357390, $49.65, $50.25, $47.72
04/08/2020, $48.79, 64930780, $48.07, $49, $47.61
04/07/2020, $47.56, 102098700, $48.96, $49.65, $46.675
04/06/2020, $47.52, 82293960, $44.3, $47.58, $44.06
04/03/2020, $42.59, 79334970, $44.3, $44.8393, $41.7
04/02/2020, $44.49, 79024130, $43.4, $45.28, $43.1
04/01/2020, $43.66, 92083080, $44.18, $46.85, $43.16
03/31/2020, $45.48, 83483750, $47.925, $48.53, $45.16
03/30/2020, $47.86, 68486600, $47.24, $48.46, $46.66
03/27/2020, $46.58, 74599220, $46.32, $47.975, $45.9
03/26/2020, $47.5, 73915610, $45.78, $47.5, $45.4
03/25/2020, $44.63, 93760390, $46.79, $47.875, $44.425
03/24/2020, $46.22, 106794200, $44.04, $46.81, $43.99
03/23/2020, $41.64, 101704700, $40.62, $42.32, $38.95
03/20/2020, $39.61, 106859500, $41.51, $42.4825, $39.58
03/19/2020, $39.82, 88939020, $39.56, $41.7, $37.69
03/18/2020, $39.12, 106949300, $39.54, $41.95, $36.75
03/17/2020, $41.88, 92741880, $40.19, $42.88, $38.3
03/16/2020, $38.71, 84545870, $39.08, $43.37, $38.51
03/13/2020, $43.9, 86689680, $42.2, $43.91, $39.6
03/12/2020, $39.01, 107461500, $42, $42.5, $39
03/11/2020, $45.7, 102319000, $44.19, $45.97, $43.8
03/10/2020, $45.38, 76228250, $45.41, $45.44, $43.1
03/09/2020, $43.27, 80859770, $43.03, $46.34, $42.51
03/06/2020, $48.59, 124590900, $49.44, $49.54, $46.74
03/05/2020, $48.11, 98302750, $48.68, $49.72, $47.51
03/04/2020, $50.11, 93311780, $48.25, $50.14, $47.2101
03/03/2020, $46.75, 141972300, $49.03, $50.2, $45.67
03/02/2020, $47.46, 102324700, $47.42, $47.68, $44.66
02/28/2020, $45.48, 100667700, $41.355, $46.15, $41.04
02/27/2020, $44.01, 106416200, $45.38, $46.24, $42.21
02/26/2020, $47.49, 86897680, $47.7, $49.29, $47.07
02/25/2020, $47.57, 88699380, $51.14, $51.24, $47.12
02/24/2020, $49.12, 86624120, $48.175, $50.275, $47.49
02/21/2020, $53.28, 88553370, $56.71, $56.8, $52.89
02/20/2020, $57.27, 74203370, $58.44, $59.02, $56.15
02/19/2020, $58.9, 58597290, $57.99, $59.27, $57.51
02/18/2020, $56.89, 70346390, $54.94, $58.13, $54.84
02/14/2020, $55.31, 52365370, $55.19, $55.4, $54.56
02/13/2020, $54.53, 51640040, $53.43, $55.03, $53.34
02/12/2020, $53.89, 45994930, $54.53, $54.85, $53.53
02/11/2020, $53.8, 74719050, $53.22, $54.48, $52.91
02/10/2020, $52.26, 60971720, $49.47, $52.3, $49.35
02/07/2020, $49.73, 53107580, $48.91, $50.665, $48.635
02/06/2020, $49.32, 48670620, $48.8, $49.39, $47.63
02/05/2020, $49.84, 42737100, $50.29, $50.42, $49.31
02/04/2020, $49.45, 46302080, $49.21, $49.75, $48.61
02/03/2020, $48.02, 47076960, $46.4, $48.1, $46.23
01/31/2020, $47, 60322430, $48.4, $48.58, $46.79
01/30/2020, $48.78, 70460160, $46.49, $48.81, $46.13
01/29/2020, $47.51, 112559200, $47.84, $48.07, $46.1
01/28/2020, $50.53, 62343840, $50.03, $50.85, $49.48
01/27/2020, $49.26, 48878580, $48.45, $49.79, $47.9
01/24/2020, $50.35, 80004910, $52.28, $52.81, $49.47
01/23/2020, $51.71, 40135440, $51.34, $51.745, $50.74
01/22/2020, $51.43, 40772220, $51.63, $51.875, $51.195
01/21/2020, $51.05, 49094970, $50.96, $51.81, $50.7
01/17/2020, $50.93, 57722500, $50.2, $51.05, $49.9
01/16/2020, $49.77, 58898930, $49.17, $50.31, $48.99
01/15/2020, $48.545, 40199940, $48.23, $49.08, $48.12
01/14/2020, $48.21, 38694180, $48.64, $49.035, $47.91
01/13/2020, $48.745, 34474730, $48.66, $48.86, $48.24
01/10/2020, $48.165, 44215590, $49.26, $49.29, $48
01/09/2020, $48.97, 76649640, $48.94, $49.96, $48.39
01/08/2020, $47.83, 53868960, $47.85, $48.3, $47.14
01/07/2020, $48.25, 59935560, $49.35, $49.39, $48.04
01/06/2020, $48.39, 48176290, $48.02, $48.86, $47.86
01/03/2020, $48.6, 73362160, $48.03, $49.39, $47.54
01/02/2020, $49.1, 80764600, $46.86, $49.25, $46.63
12/31/2019, $45.86, 31791200, $45.07, $46.09, $44.9223
12/30/2019, $45.52, 41235740, $46.14, $46.17, $44.66
12/27/2019, $46.18, 36624230, $46.85, $46.88, $45.975
12/26/2019, $46.63, 57712690, $46.99, $47.31, $45.66
12/24/2019, $46.54, 44432190, $46.1, $46.61, $45.77
12/23/2019, $45.46, 56065290, $44.58, $45.625, $44.39
12/20/2019, $44.15, 68216730, $43.44, $44.26, $43.26
12/19/2019, $42.83, 45950710, $42.63, $43.34, $42.6
12/18/2019, $42.3, 39182980, $42.79, $43.06, $42.24
12/17/2019, $42.77, 44935570, $42.51, $43.105, $42.15
12/16/2019, $42.35, 58890780, $41.73, $42.98, $41.73
12/13/2019, $41.15, 79985410, $42.35, $42.95, $41.06
12/12/2019, $42.59, 87398170, $39.4, $42.62, $39.25
12/11/2019, $39.47, 31794690, $39.44, $39.61, $39.04
12/10/2019, $39.44, 33863030, $39.2, $39.73, $38.82
12/09/2019, $38.93, 28035390, $39.46, $39.84, $38.91
12/06/2019, $39.63, 31150380, $40.1, $40.19, $39.56
12/05/2019, $39.62, 35710940, $39.95, $40.22, $39.55
12/04/2019, $39.69, 44372200, $39.38, $39.82, $39.13
12/03/2019, $38.9, 52991200, $37.34, $38.93, $37.15
12/02/2019, $38.73, 37942680, $39.32, $39.41, $38.44
11/29/2019, $39.15, 17609930, $39.1, $39.515, $39.02
11/27/2019, $39.41, 33733790, $39.46, $39.76, $39.07
11/26/2019, $38.99, 43764150, $39.3, $39.48, $38.81
11/25/2019, $39.79, 45879400, $39.5, $40.17, $39.495
11/22/2019, $39.15, 56931880, $39.36, $39.89, $38.19
11/21/2019, $39.52, 88069360, $40.42, $40.7095, $38.64
11/20/2019, $40.98, 79968320, $40.96, $41.75, $40.07
11/19/2019, $41.29, 94600240, $40.14, $41.79, $39.685
11/18/2019, $39.88, 66332770, $38.65, $39.985, $38.6
11/15/2019, $38.56, 63020870, $38.94, $39.37, $38.34
11/14/2019, $38.35, 65936950, $37.51, $38.5, $37.36
11/13/2019, $37.52, 69178090, $36.65, $37.96, $36.5779
11/12/2019, $36.71, 58664520, $36.43, $37.13, $36.4
11/11/2019, $36.31, 43572260, $35.96, $36.6648, $35.58
11/08/2019, $36.29, 39396230, $36.06, $36.58, $36
11/07/2019, $36.28, 54350180, $36.52, $36.99, $36.03
11/06/2019, $35.93, 51675120, $36.06, $36.48, $35.52
11/05/2019, $36.15, 84848640, $36.56, $37.18, $35.98
11/04/2019, $36.29, 83343780, $35.19, $36.45, $34.76
11/01/2019, $34.89, 64238610, $34.37, $35, $34.1
10/31/2019, $33.93, 67881620, $32.98, $34.34, $32.82
10/30/2019, $33.13, 78228770, $32.93, $33.34, $32.035
10/29/2019, $33.03, 78700080, $33.73, $33.9, $32.7
10/28/2019, $33.69, 51223610, $33.16, $33.9103, $33.15
10/25/2019, $32.71, 45368840, $31.9, $32.86, $31.83
10/24/2019, $31.72, 28448980, $31.58, $31.86, $31.34
10/23/2019, $31.36, 26858110, $31.09, $31.65, $30.83
10/22/2019, $31.51, 36860310, $32.06, $32.15, $31.5
10/21/2019, $32.03, 52648070, $31.5, $32.26, $31.41
10/18/2019, $30.97, 39711240, $31.06, $31.33, $30.29
10/17/2019, $31.14, 37010210, $31.3, $31.4, $30.86
10/16/2019, $30.81, 43064260, $30.6, $31.41, $30.53
10/15/2019, $30.72, 42142390, $30.7, $30.92, $30.17
10/14/2019, $30.53, 44818230, $29.71, $30.61, $29.38
10/11/2019, $29.75, 66632450, $28.83, $30.2, $28.81
10/10/2019, $28.38, 41172000, $28.52, $28.89, $28
10/09/2019, $28.46, 36321580, $28.8, $28.95, $28.35
10/08/2019, $28.23, 44432080, $28.55, $28.64, $27.92
10/07/2019, $28.93, 39745270, $28.9, $29.63, $28.8431
10/04/2019, $29.01, 34609210, $28.83, $29.06, $28.57
10/03/2019, $28.68, 56905410, $28.28, $28.778, $27.43
10/02/2019, $28.31, 44048750, $28.5, $28.85, $28.03
10/01/2019, $28.76, 37366070, $29.05, $29.54, $28.64
09/30/2019, $28.99, 40332050, $28.89, $29.05, $28.36
09/27/2019, $28.72, 54144670, $29.17, $29.77, $28.35
09/26/2019, $29.47, 41182230, $29.67, $29.77, $29
09/25/2019, $29.54, 58691580, $29.48, $29.65, $28.5501
09/24/2019, $29.52, 73220940, $30.54, $30.75, $29.29
09/23/2019, $30.64, 45185840, $30.12, $30.8, $30.07
09/20/2019, $30.05, 83555560, $30.36, $30.47, $29.65
09/19/2019, $30.29, 41930830, $30.57, $30.96, $30.14
09/18/2019, $30.42, 47277310, $30.75, $30.893, $29.88
09/17/2019, $30.99, 35125750, $31.07, $31.32, $30.74
09/16/2019, $30.83, 52248540, $30.37, $31.15, $30.26
09/13/2019, $30.69, 47758750, $30.27, $30.85, $29.95
09/12/2019, $30.21, 53618340, $30.08, $30.84, $29.95
09/11/2019, $29.76, 50631680, $30.38, $30.43, $29.51
09/10/2019, $30.23, 48604770, $30.22, $30.38, $29.77
09/09/2019, $30.5, 54413160, $30.93, $31.1752, $30.24
09/06/2019, $30.56, 51672980, $31.5, $31.51, $30.48
09/05/2019, $31.5, 57932080, $31.79, $32.05, $31.12
09/04/2019, $30.95, 46709780, $31.32, $31.83, $30.85
09/03/2019, $30.9, 38080250, $30.83, $31.14, $30.68
08/30/2019, $31.45, 40347320, $31.6, $31.865, $31.13
08/29/2019, $31.45, 44485480, $31.47, $31.83, $31.33
08/28/2019, $30.78, 55896450, $29.92, $31.1801, $29.7
08/27/2019, $30.2, 53351710, $30.6, $30.89, $29.6
08/26/2019, $30.28, 50858860, $30.34, $30.72, $29.94
08/23/2019, $29.54, 83931680, $31.3, $31.83, $29.4
08/22/2019, $31.9, 47742170, $31.76, $31.92, $30.98
08/21/2019, $31.7, 41635050, $31.05, $31.74, $30.84
08/20/2019, $30.72, 48016380, $30.94, $31.305, $30.45
08/19/2019, $31.48, 67781610, $32, $32.19, $31.42
08/16/2019, $31.18, 71588980, $30.305, $31.48, $30.21
08/15/2019, $29.67, 72606820, $30.63, $30.73, $29.21
08/14/2019, $30.24, 127521500, $31, $31.05, $29.51
08/13/2019, $32.11, 102579300, $32.36, $33.14, $31.72
08/12/2019, $32.43, 106936000, $34.16, $34.65, $32.08
08/09/2019, $34.19, 132483900, $33.45, $35.55, $33.08
08/08/2019, $33.92, 167278800, $31.53, $34.27, $31.48
08/07/2019, $29.19, 58577540, $28.47, $29.28, $28.37
08/06/2019, $28.86, 60578440, $28.86, $29.05, $28.2
08/05/2019, $27.99, 74333240, $28.26, $28.49, $27.65
08/02/2019, $29.44, 60410850, $29.48, $29.7301, $28.94
08/01/2019, $29.86, 80878890, $30.5, $31.48, $29.1
07/31/2019, $30.45, 119190000, $32.08, $32.3, $30.3
07/30/2019, $33.87, 72198880, $33.21, $33.94, $32.94
07/29/2019, $33.48, 45921980, $34.14, $34.18, $32.98
07/26/2019, $34.02, 43502780, $34.23, $34.77, $33.865
07/25/2019, $33.67, 36705620, $34.05, $34.25, $33.62
07/24/2019, $34.11, 41952260, $33.64, $34.36, $33.45
07/23/2019, $33.49, 38532460, $33.17, $33.5, $32.93
07/22/2019, $32.85, 37777310, $32.8, $33.31, $32.735
07/19/2019, $32.51, 44617700, $33.08, $33.35, $32.45
07/18/2019, $33, 58610860, $33.03, $33.46, $32.42
07/17/2019, $33.6, 42557900, $34.01, $34.3, $33.49
07/16/2019, $33.85, 66912700, $34.3, $34.86, $33.8
07/15/2019, $34.39, 65565250, $33.34, $34.55, $33.27
07/12/2019, $33.21, 51509680, $32.76, $33.39, $32.59
07/11/2019, $33.06, 63081800, $33.91, $34, $32.76
07/10/2019, $33.79, 60388440, $33.56, $34.03, $33.36
07/09/2019, $33.15, 61419770, $31.76, $33.18, $31.71
07/08/2019, $32.04, 49689400, $31.8, $32.15, $31.26
07/05/2019, $31.5, 34011870, $30.88, $31.56, $30.75
07/03/2019, $31.19, 23462000, $31.13, $31.33, $30.74
07/02/2019, $31.24, 37721680, $30.96, $31.26, $30.73
07/01/2019, $31.2, 60525530, $31.79, $32.04, $30.87
06/28/2019, $30.37, 50090930, $31.08, $31.11, $30.33
06/27/2019, $30.74, 55623310, $30.41, $30.96, $30.21
06/26/2019, $29.92, 65064200, $29.98, $30.48, $29.78
06/25/2019, $28.86, 53680890, $29.26, $29.72, $28.8
06/24/2019, $29.26, 55724830, $29.32, $29.4, $28.67
06/21/2019, $29.1, 81861320, $29.65, $30.35, $28.97
06/20/2019, $30.01, 72418160, $31.24, $31.36, $29.84
06/19/2019, $30.5, 63233940, $30.665, $30.79, $30.06
06/18/2019, $30.45, 86444540, $29.76, $30.97, $29.58
06/17/2019, $29.2, 70865740, $30.25, $30.45, $29.18
06/14/2019, $30.36, 70373020, $30.7, $30.96, $30.02
06/13/2019, $31.39, 63555990, $32.39, $32.5, $31.06
06/12/2019, $32.18, 56298670, $32, $32.57, $31.92
06/11/2019, $32.41, 82834910, $33.43, $33.49, $31.82
06/10/2019, $33.23, 97668790, $33.53, $34.3, $33.08
06/07/2019, $32.41, 86841100, $31.94, $32.6, $31.57
06/06/2019, $31.82, 131267800, $29.87, $31.98, $29.84
06/05/2019, $29.5, 79481540, $29.93, $29.99, $29.03
06/04/2019, $29.57, 107549500, $28.39, $29.59, $27.91
06/03/2019, $27.58, 147532200, $28.75, $29.62, $27.29
05/31/2019, $27.41, 68667810, $27.57, $28.36, $27.4
05/30/2019, $28.03, 65289090, $28.4, $28.56, $27.6
05/29/2019, $28.09, 99969600, $29, $29.32, $27.73
05/28/2019, $29.03, 146949600, $27.27, $29.67, $27.06
05/24/2019, $26.44, 39835790, $26.61, $26.925, $26.4
05/23/2019, $26.36, 67809150, $26.99, $27.1, $26.03
05/22/2019, $27.41, 40035290, $27.12, $27.59, $27.07
05/21/2019, $27.35, 46079180, $27.18, $27.37, $26.93
05/20/2019, $26.68, 69757400, $26.98, $27.24, $26.49
05/17/2019, $27.5, 65385350, $27.69, $28.46, $27.4
05/16/2019, $28.01, 67330060, $27.37, $28.37, $27.2699
05/15/2019, $27.58, 55689870, $26.87, $27.79, $26.73
05/14/2019, $27.32, 82980400, $26.53, $27.48, $26.15
05/13/2019, $26.24, 99017890, $26.98, $27.23, $26.1
05/10/2019, $27.96, 82930140, $27.03, $28.1, $26.93
05/09/2019, $27.21, 73150880, $26.7, $27.38, $26.03
05/08/2019, $27.09, 65967540, $26.41, $27.71, $26.27
05/07/2019, $26.66, 75868820, $27.2, $27.35, $26.21
05/06/2019, $27.42, 70344090, $26.72, $27.5, $26.45
05/03/2019, $28.22, 55503060, $28.3, $28.4201, $27.66
05/02/2019, $28.29, 100514800, $26.94, $28.64, $26.61
05/01/2019, $26.81, 136066900, $28.95, $29.15, $26.78
04/30/2019, $27.63, 68499770, $27.59, $27.8, $26.94
04/29/2019, $27.69, 44265600, $27.9, $28.14, $27.5
04/26/2019, $27.88, 48736860, $27.66, $27.9, $27.05
04/25/2019, $27.66, 56709000, $28.67, $28.86, $27.36
04/24/2019, $28.46, 51487330, $28.1, $28.85, $27.93
04/23/2019, $27.97, 41583740, $28.18, $28.49, $27.79
04/22/2019, $28.18, 36400850, $27.62, $28.23, $27.39
04/18/2019, $27.68, 39814790, $27.6, $27.88, $27.34
04/17/2019, $27.49, 48154690, $28.21, $28.27, $27.22
04/16/2019, $27.93, 47212740, $27.72, $28.18, $27.49
04/15/2019, $27.33, 40739300, $27.8, $27.84, $26.96
04/12/2019, $27.85, 40957900, $28.21, $28.38, $27.66
04/11/2019, $27.79, 44616360, $27.81, $28.05, $27.46
04/10/2019, $27.83, 64160940, $27.46, $28.12, $27.32
04/09/2019, $27.24, 75260050, $28.24, $28.38, $27.19
04/08/2019, $28.53, 57868370, $28.69, $28.95, $28.18
04/05/2019, $28.98, 65521490, $29.64, $29.69, $28.8
04/04/2019, $29.09, 82049300, $28.88, $29.385, $28.61
04/03/2019, $29.02, 197043700, $28.02, $29.9498, $27.88
04/02/2019, $26.75, 52823610, $26.51, $26.8, $26.09
04/01/2019, $26.36, 62824700, $26.42, $26.555, $25.83
03/29/2019, $25.52, 53314640, $25.58, $25.73, $25.25
03/28/2019, $25.06, 64508920, $25.1, $25.56, $24.65
03/27/2019, $24.89, 88468390, $25.7, $25.88, $24.55
03/26/2019, $25.69, 75291650, $26.69, $26.98, $25.46
03/25/2019, $25.97, 78295460, $26.29, $26.99, $25.54
03/22/2019, $26.37, 114991600, $27.54, $27.75, $26.33
03/21/2019, $27.89, 127895100, $25.78, $28.11, $25.71
03/20/2019, $25.7, 150947000, $26.49, $26.88, $25.31
03/19/2019, $26, 154214600, $23.6, $26.08, $23.59
03/18/2019, $23.25, 34636110, $23.3, $23.62, $23.04
03/15/2019, $23.29, 46445110, $23.1, $23.65, $23.01
03/14/2019, $22.82, 42707330, $23.37, $23.49, $22.8
03/13/2019, $23.38, 56399350, $23.66, $24.15, $23.35
03/12/2019, $23.49, 56261330, $23.1, $23.795, $22.78
03/11/2019, $22.96, 54114630, $22.15, $23.075, $21.98
03/08/2019, $22.01, 49856070, $21.35, $22.085, $21.035
03/07/2019, $22.08, 51971070, $22.33, $22.4101, $21.73
03/06/2019, $22.41, 60328940, $23.47, $23.53, $22.4
03/05/2019, $23.5, 35300270, $23.34, $23.68, $23.01
03/04/2019, $23.37, 47986840, $23.89, $24.13, $23.01
03/01/2019, $23.68, 45049370, $23.97, $24.19, $23.45
02/28/2019, $23.53, 38578940, $23.21, $23.67, $23.11
02/27/2019, $23.48, 62265120, $24.11, $24.2299, $23.21
02/26/2019, $24.21, 44622530, $24.65, $24.72, $24.15
02/25/2019, $24.71, 62932710, $25.01, $25.52, $24.68
02/22/2019, $24.36, 52444420, $24.05, $24.36, $23.88
02/21/2019, $23.92, 49488120, $24.04, $24.33, $23.85
02/20/2019, $23.95, 56690950, $24.14, $24.37, $23.9
02/19/2019, $23.95, 57323750, $23.625, $24.405, $23.605
02/15/2019, $23.68, 78499180, $23.58, $24.05, $23.2
02/14/2019, $23.13, 63934490, $22.74, $23.37, $22.59
02/13/2019, $22.85, 57294230, $22.98, $23.24, $22.7138
02/12/2019, $22.82, 67318410, $23.43, $23.56, $22.75
02/11/2019, $22.96, 60387870, $23.05, $23.2827, $22.66
02/08/2019, $23.05, 77101180, $22.33, $23.28, $22.27
02/07/2019, $22.67, 86449170, $22.99, $23.22, $22.32
02/06/2019, $23.26, 78457780, $23.63, $24.14, $23.22
02/05/2019, $23.31, 121159200, $23.42, $23.86, $22.98
02/04/2019, $24.13, 69846670, $24.43, $24.66, $24.07
02/01/2019, $24.51, 105173100, $24.61, $24.84, $24.065
01/31/2019, $24.41, 181877200, $23.02, $25.14, $22.83
01/30/2019, $23.09, 210777100, $21.49, $23.13, $21.37
01/29/2019, $19.25, 126418900, $20.26, $20.39, $19.05
01/28/2019, $20.18, 134743600, $20.315, $21.01, $20.02
01/25/2019, $21.93, 110161400, $20.99, $22.03, $20.79
01/24/2019, $20.85, 96329090, $20.06, $21.01, $20.04
01/23/2019, $19.8, 77542570, $20.03, $20.48, $19.55
01/22/2019, $19.76, 78292580, $20.48, $20.9199, $19.7
01/18/2019, $20.77, 87971230, $20.37, $21.05, $20.02
01/17/2019, $20.25, 84502560, $19.49, $20.51, $19.02
01/16/2019, $19.73, 70533680, $20.4, $20.54, $19.71
01/15/2019, $20.38, 62548940, $20.44, $20.68, $20.26
01/14/2019, $20.23, 71053050, $19.96, $20.62, $19.75
01/11/2019, $20.27, 84972130, $19.47, $20.35, $19.19
01/10/2019, $19.74, 115286200, $19.76, $19.8342, $18.9
01/09/2019, $20.19, 163680500, $20.89, $21.44, $20.07
01/08/2019, $20.75, 117593000, $21.19, $21.2, $19.68
01/07/2019, $20.57, 106684100, $19.44, $20.68, $19
01/04/2019, $19, 111510800, $17.55, $19.07, $17.43
01/03/2019, $17.05, 117014500, $18.42, $18.68, $16.94
01/02/2019, $18.83, 86497360, $18.01, $19, $17.98
12/31/2018, $18.46, 84461870, $18.15, $18.5101, $17.85
12/28/2018, $17.82, 108590900, $17.53, $18.31, $17.135
12/27/2018, $17.49, 110853500, $17.43, $17.74, $16.44
12/26/2018, $17.9, 108498500, $16.88, $17.91, $16.03
12/24/2018, $16.65, 62933130, $16.52, $17.2199, $16.37
12/21/2018, $16.93, 129562600, $18.12, $18.34, $16.76
12/20/2018, $17.94, 119056000, $18.11, $18.86, $17.34
12/19/2018, $18.16, 120303700, $19.44, $19.72, $18
12/18/2018, $19.5, 101088300, $19.15, $19.84, $18.88
12/17/2018, $18.83, 115048600, $20.01, $20.025, $18.635
12/14/2018, $19.9, 84614800, $19.58, $20.7, $19.52
12/13/2018, $19.86, 87940320, $20.63, $20.865, $19.76
12/12/2018, $20.48, 100056400, $20.32, $21.02, $19.71
12/11/2018, $19.98, 87817520, $20.71, $21.14, $19.69
12/10/2018, $19.99, 77641220, $19.35, $20.13, $19.27
12/07/2018, $19.46, 105527100, $21.3, $21.3799, $19.17
12/06/2018, $21.3, 103133300, $20.22, $21.41, $20.06
12/04/2018, $21.12, 127013600, $23.35, $23.42, $21.07
12/03/2018, $23.71, 139093500, $22.48, $23.75, $22.37
11/30/2018, $21.3, 82106130, $21.3, $21.36, $20.52
11/29/2018, $21.43, 79662780, $21.19, $21.61, $20.73
11/28/2018, $21.34, 134198200, $21.82, $21.88, $20.18
11/27/2018, $21.05, 118771800, $19.77, $21.45, $19.73
11/26/2018, $20.08, 82892900, $19.96, $20.19, $19.1101
11/23/2018, $19.38, 54611300, $18.61, $19.83, $18.56
11/21/2018, $18.73, 81455560, $20.05, $20.31, $18.5
11/20/2018, $19.21, 109673200, $17.4, $19.58, $17.18
11/19/2018, $19.11, 93169460, $20.4, $20.59, $19.09
11/16/2018, $20.66, 112179200, $19.87, $20.97, $19.72
11/15/2018, $21.49, 96460050, $20.72, $21.77, $20.42
11/14/2018, $20.81, 106138800, $20.18, $21.11, $19.7599
11/13/2018, $19.61, 75852920, $19.28, $20.02, $18.97
11/12/2018, $19.03, 95665980, $20.68, $20.85, $18.8
11/09/2018, $21.03, 85769210, $20.77, $21.19, $20.11
11/08/2018, $21.2, 92265540, $21.77, $22.08, $20.97
11/07/2018, $21.84, 120899500, $21.42, $22.2235, $21.07
11/06/2018, $20.68, 144761700, $19.5, $21.65, $19.48
11/05/2018, $19.9, 107776700, $20.12, $20.18, $18.88
11/02/2018, $20.23, 123512800, $20.59, $21.06, $19.47
11/01/2018, $20.22, 136010400, $18.41, $20.33, $18.08
10/31/2018, $18.21, 110330500, $17.87, $18.34, $17.12
10/30/2018, $17.2, 98693880, $16.38, $17.24, $16.17
10/29/2018, $16.85, 94204080, $18.21, $18.23, $16.27
10/26/2018, $17.63, 119447300, $18.49, $18.78, $17.05
10/25/2018, $19.27, 188496800, $17.92, $20.15, $17.72
10/24/2018, $22.79, 125703600, $25.04, $25.1, $22.75
10/23/2018, $25.09, 101347900, $24.18, $25.26, $23.85
10/22/2018, $25.03, 113831100, $24.46, $25.64, $24.0901
10/19/2018, $23.66, 130523600, $27.03, $27.1, $23.6
10/18/2018, $26.62, 79456530, $27.08, $27.75, $26.4
10/17/2018, $27.3, 89300800, $28.41, $28.53, $26.9199
10/16/2018, $28.18, 92170210, $26.63, $28.23, $26.17
10/15/2018, $26.26, 70325660, $26.38, $26.77, $25.75
10/12/2018, $26.34, 110862700, $26.77, $26.9697, $25.67
10/11/2018, $25.3, 146516800, $24.74, $26.2, $24.55
10/10/2018, $25, 146250000, $27.38, $27.4, $24.91
10/09/2018, $27.24, 105135000, $26.15, $27.71, $26
10/08/2018, $26.46, 103591300, $26.73, $27.54, $25.96
10/05/2018, $27.35, 87541090, $28.07, $28.47, $26.93
10/04/2018, $27.78, 95743030, $27.99, $28.83, $27.37
10/03/2018, $28.43, 189940600, $29.035, $29.22, $26.54
10/02/2018, $29.02, 144627000, $30.73, $30.82, $28.65
10/01/2018, $31.42, 94623810, $30.69, $31.91, $30.25
09/28/2018, $30.89, 165268800, $32.24, $32.78, $29.98
09/27/2018, $32.59, 87619620, $31.86, $32.63, $31.39
09/26/2018, $32.19, 79114970, $32.4, $32.6, $31.72
09/25/2018, $32.57, 118275300, $33.18, $33.6, $32.19
09/24/2018, $32.61, 117777200, $31.13, $32.65, $30.91
09/21/2018, $31.02, 129260500, $31.19, $32.42, $30.91
09/20/2018, $31.18, 122652200, $32.1, $32.2, $30.64
09/19/2018, $31.21, 123939700, $31.52, $31.83, $30.51
09/18/2018, $31.93, 176268000, $32.99, $33.37, $31.2
09/17/2018, $32.43, 179847400, $31.75, $33.23, $31.6
09/14/2018, $32.72, 217312000, $31.43, $33.09, $30.54
09/13/2018, $30.48, 302743600, $33.16, $34.14, $29.87
09/12/2018, $32.21, 196501400, $29.91, $32.29, $29.45
09/11/2018, $30.1, 159043200, $30.02, $30.59, $29.37
09/10/2018, $29.89, 161809900, $28.15, $29.925, $27.84
09/07/2018, $27.38, 123108000, $26.96, $28.27, $26.8
09/06/2018, $27.84, 143349900, $28.12, $28.58, $27.19
09/05/2018, $28.51, 256903900, $29.41, $29.94, $26.84
09/04/2018, $28.06, 191535000, $25.62, $28.11, $25.5675
08/31/2018, $25.17, 65013800, $24.89, $25.24, $24.72
08/30/2018, $24.89, 103310600, $25.29, $25.67, $24.76
08/29/2018, $25.2, 142838100, $24.36, $25.41, $24.01
08/28/2018, $25.05, 215300400, $25.51, $26.18, $24.04
08/27/2018, $25.26, 323844500, $24.94, $27.3, $24.6261
08/24/2018, $23.98, 163473500, $22.91, $24, $22.67
08/23/2018, $22.29, 111741600, $21.19, $22.32, $21.14
08/22/2018, $20.9, 61849990, $20.28, $20.92, $20.21
08/21/2018, $20.4, 54828680, $19.98, $20.415, $19.86
08/20/2018, $19.98, 62883850, $19.79, $20.08, $19.35
08/17/2018, $19.77, 60507310, $19.12, $19.82, $18.73
08/16/2018, $19.33, 69361230, $19.86, $20.07, $19.25
08/15/2018, $19.7, 86157320, $19.86, $20.1, $19.2
08/14/2018, $20.02, 88892330, $19.97, $20.28, $19.63
08/13/2018, $19.73, 81226280, $19.16, $19.93, $19.12
08/10/2018, $19.06, 65652850, $19.09, $19.48, $18.85
08/09/2018, $19.1, 46385180, $19.58, $19.71, $19.08
08/08/2018, $19.58, 51958490, $19.46, $19.77, $19.255
08/07/2018, $19.56, 72507680, $19.53, $19.71, $19.08
08/06/2018, $19.43, 83336110, $18.89, $19.44, $18.46
08/03/2018, $18.49, 53062330, $18.94, $19.0566, $18.37
08/02/2018, $18.79, 52758040, $18.17, $18.83, $18
08/01/2018, $18.48, 75305700, $18.34, $18.95, $18.32
07/31/2018, $18.33, 118105600, $19.35, $19.5, $18.27
07/30/2018, $19.42, 160260900, $19.4, $20.18, $19.31
07/27/2018, $18.94, 161643700, $19.07, $19.88, $18.31
07/26/2018, $18.35, 190642900, $17.16, $18.45, $16.83
07/25/2018, $16.05, 80578490, $16.3, $16.39, $15.72
07/24/2018, $16.19, 58080570, $16.75, $16.86, $16.11
07/23/2018, $16.66, 44866840, $16.47, $16.68, $15.895
07/20/2018, $16.5, 42867630, $16.66, $16.88, $16.44
07/19/2018, $16.71, 41147930, $16.71, $16.88, $16.55
07/18/2018, $16.85, 40791720, $16.94, $16.99, $16.55
07/17/2018, $16.87, 42185430, $16.5, $16.88, $16.48
07/16/2018, $16.58, 64916850, $16.42, $17, $16.41
07/13/2018, $16.27, 40607950, $16.68, $16.69, $16.22
07/12/2018, $16.56, 44077820, $16.41, $16.79, $16.38
07/11/2018, $16.27, 42439080, $16.15, $16.53, $16.02
07/10/2018, $16.55, 36698850, $16.59, $16.65, $16.31
07/09/2018, $16.61, 58455450, $16.73, $16.84, $16.17
07/06/2018, $16.36, 65039470, $15.52, $16.39, $15.48
07/05/2018, $15.5, 40538700, $15.13, $15.5, $15.02
07/03/2018, $15, 32094030, $15.21, $15.34, $14.96
07/02/2018, $15.16, 43311830, $14.8, $15.18, $14.74
06/29/2018, $14.99, 41410390, $15.41, $15.49, $14.98
06/28/2018, $15.31, 48655280, $14.85, $15.36, $14.75
06/27/2018, $14.97, 55904660, $15.65, $15.76, $14.96
06/26/2018, $15.5, 54113220, $15.32, $15.6, $15.1
06/25/2018, $15.11, 94289130, $15.64, $15.74, $14.54
06/22/2018, $15.8, 59200310, $15.78, $15.91, $15.56
06/21/2018, $15.65, 95440270, $16.65, $16.87, $15.46
06/20/2018, $16.52, 76161740, $16.83, $17.13, $16.37
06/19/2018, $16.69, 92438260, $16.85, $17.29, $16.31
06/18/2018, $17.11, 103906800, $16.18, $17.34, $16.13
06/15/2018, $16.34, 77526520, $16.06, $16.52, $15.82
06/14/2018, $16.25, 112862500, $16.62, $16.79, $15.58
06/13/2018, $16.32, 89738020, $15.81, $16.52, $15.78
06/12/2018, $15.85, 66691810, $15.84, $15.95, $15.43
06/11/2018, $15.73, 80610500, $15.21, $15.89, $15.01
06/08/2018, $15.25, 81834940, $14.52, $15.33, $14.31
06/07/2018, $14.89, 99561050, $15.83, $15.97, $14.85
06/06/2018, $15.67, 96957660, $15.07, $15.74, $15.04
06/05/2018, $14.85, 56008480, $14.85, $14.9185, $14.63
06/04/2018, $14.85, 74382450, $14.76, $14.98, $14.52
06/01/2018, $14.4, 71452360, $13.98, $14.4, $13.92
05/31/2018, $13.73, 46699110, $13.74, $13.93, $13.69
05/30/2018, $13.82, 58109590, $13.48, $13.95, $13.48
05/29/2018, $13.36, 39402110, $13.45, $13.63, $13.26
05/25/2018, $13.54, 43797830, $13.4, $13.72, $13.36
05/24/2018, $13.41, 47324440, $13.06, $13.43, $13.03
05/23/2018, $13.1, 44440810, $12.93, $13.18, $12.9
05/22/2018, $12.98, 43211680, $13, $13.14, $12.71
05/21/2018, $12.99, 49530040, $13.25, $13.31, $12.88
05/18/2018, $13, 53973530, $13.06, $13.26, $12.91
05/17/2018, $12.82, 38051070, $12.79, $12.9, $12.66
05/16/2018, $12.82, 73308040, $12.64, $12.98, $12.62
05/15/2018, $12.45, 44074970, $12.18, $12.46, $12.16
05/14/2018, $12.23, 50149830, $12.14, $12.36, $12.11
05/11/2018, $11.95, 43841960, $11.89, $12.03, $11.69
05/10/2018, $12.13, 49269010, $11.98, $12.18, $11.95
05/09/2018, $11.95, 49500430, $11.65, $11.98, $11.57
05/08/2018, $11.61, 35163600, $11.49, $11.66, $11.4
05/07/2018, $11.59, 53940250, $11.32, $11.68, $11.3
05/04/2018, $11.28, 47803850, $10.88, $11.29, $10.8701
05/03/2018, $10.93, 33257430, $10.902, $11.06, $10.83
05/02/2018, $10.97, 29193300, $11.1, $11.155, $10.97
05/01/2018, $11.13, 43360090, $10.83, $11.15, $10.77
04/30/2018, $10.88, 50529070, $11.055, $11.14, $10.87
04/27/2018, $11.11, 74265930, $11.2, $11.36, $11.02
04/26/2018, $11.04, 144894800, $10.87, $11.19, $10.61
04/25/2018, $9.71, 85940620, $10.06, $10.09, $9.56
04/24/2018, $10.09, 44886420, $10.19, $10.35, $9.95
04/23/2018, $10.04, 42906640, $10.09, $10.19, $9.97
04/20/2018, $9.99, 38868090, $10.05, $10.14, $9.95
04/19/2018, $10.11, 57742160, $10.18, $10.3284, $9.99
04/18/2018, $10.36, 42247940, $10.51, $10.65, $10.33
04/17/2018, $10.52, 45204700, $10.28, $10.53, $10.2
04/16/2018, $10.09, 28771670, $10, $10.17, $9.9
04/13/2018, $9.93, 38889900, $10.2, $10.22, $9.88
04/12/2018, $10.08, 47715150, $9.98, $10.1, $9.82
04/11/2018, $9.82, 28994160, $9.87, $10.03, $9.79
04/10/2018, $9.98, 42889140, $9.75, $10.04, $9.71
04/09/2018, $9.53, 38237650, $9.75, $9.84, $9.52
04/06/2018, $9.61, 51021630, $9.83, $10.1, $9.5
04/05/2018, $10.02, 65373470, $10.05, $10.2, $9.91
04/04/2018, $9.77, 67067670, $9.08, $9.81, $9.04
04/03/2018, $9.55, 54856380, $9.63, $9.77, $9.3
04/02/2018, $9.53, 64737130, $9.99, $10.14, $9.51
03/29/2018, $10.05, 48585690, $9.94, $10.08, $9.81
03/28/2018, $9.81, 64698640, $9.99, $10.1689, $9.79
03/27/2018, $10, 68458540, $10.51, $10.59, $9.9
03/26/2018, $10.44, 75688790, $10.71, $10.8, $10.18
03/23/2018, $10.63, 54759180, $10.91, $10.97, $10.57
03/22/2018, $10.91, 59811510, $11.1, $11.26, $10.85
03/21/2018, $11.26, 44650310, $11.16, $11.34, $11.11
03/20/2018, $11.11, 64888650, $11.41, $11.52, $11
03/19/2018, $11.43, 53221710, $11.41, $11.74, $11.351
03/16/2018, $11.47, 37538020, $11.49, $11.55, $11.32
03/15/2018, $11.46, 63112840, $11.43, $11.55, $11.19
03/14/2018, $11.36, 80209850, $11.7, $11.72, $11.26
03/13/2018, $11.64, 174114400, $11.5, $12.035, $11.095
03/12/2018, $11.52, 83545210, $11.76, $11.82, $11.48
03/09/2018, $11.7, 89440590, $12.03, $12.0392, $11.58
03/08/2018, $11.97, 75963420, $12.395, $12.59, $11.74
03/07/2018, $12.24, 127314100, $11.58, $12.82, $11.55
03/06/2018, $11.76, 45831700, $12.01, $12.045, $11.71
03/05/2018, $11.91, 43673270, $11.69, $12.055, $11.61
03/02/2018, $11.81, 57956290, $11.67, $11.93, $11.43
03/01/2018, $11.9, 62981050, $12.26, $12.27, $11.66
02/28/2018, $12.11, 43293160, $12.66, $12.73, $12.1
02/27/2018, $12.53, 55817200, $12.43, $12.88, $12.39
02/26/2018, $12.42, 42103360, $12.14, $12.43, $12.05
02/23/2018, $12.07, 33161500, $11.95, $12.16, $11.94
02/22/2018, $11.84, 37824310, $11.82, $11.995, $11.63
02/21/2018, $11.72, 40069650, $12.12, $12.12, $11.72
02/20/2018, $12.02, 46848120, $11.72, $12.19, $11.71
02/16/2018, $11.82, 47240490, $12.11, $12.225, $11.82
02/15/2018, $12.19, 57714520, $12.4, $12.625, $12.07
02/14/2018, $12.2, 51695890, $11.72, $12.31, $11.63
02/13/2018, $11.78, 32379740, $11.6, $11.82, $11.53
02/12/2018, $11.68, 62932090, $11.47, $11.8, $11.43
02/09/2018, $11.31, 85316260, $11.54, $11.57, $10.63
02/08/2018, $11.22, 56168660, $11.72, $11.85, $11.21
02/07/2018, $11.6, 55582730, $11.7, $11.9, $11.53
02/06/2018, $11.65, 86285130, $11.04, $11.74, $11
02/05/2018, $11.57, 116095400, $12.05, $12.18, $10.93
02/02/2018, $12.45, 79195600, $13.05, $13.06, $12.43
02/01/2018, $13.25, 67171010, $13.62, $13.84, $13.21
01/31/2018, $13.74, 140571100, $13.24, $13.85, $13.15
01/30/2018, $12.87, 87660690, $13.12, $13.27, $12.69
01/29/2018, $13.32, 66232190, $13.13, $13.47, $13.05
01/26/2018, $12.95, 43709320, $12.7, $12.95, $12.62
01/25/2018, $12.41, 42555860, $12.78, $12.94, $12.32
01/24/2018, $12.71, 41857520, $13.02, $13.05, $12.6
01/23/2018, $12.94, 46348240, $12.82, $12.995, $12.76
01/22/2018, $12.65, 34649300, $12.61, $12.74, $12.37
01/19/2018, $12.59, 46279510, $12.56, $12.88, $12.54
01/18/2018, $12.47, 62003200, $12.18, $12.68, $12.15
01/17/2018, $12.18, 38917310, $11.9, $12.19, $11.82
01/16/2018, $11.91, 41879890, $12.05, $12.2, $11.8
01/12/2018, $12.02, 46991180, $11.82, $12.07, $11.8
01/11/2018, $12.14, 37051170, $12.07, $12.19, $11.9001
01/10/2018, $11.96, 52335790, $11.63, $12.15, $11.56
01/09/2018, $11.82, 62426620, $12, $12.02, $11.71
01/08/2018, $12.28, 63143340, $12.01, $12.3, $11.85
01/05/2018, $11.88, 63635850, $12.19, $12.22, $11.66
01/04/2018, $12.12, 109288400, $12.095, $12.43, $11.97
01/03/2018, $11.55, 153162800, $11.61, $12.14, $11.36
01/02/2018, $10.98, 43830470, $10.42, $11.02, $10.34
12/29/2017, $10.28, 26607910, $10.57, $10.58, $10.27
12/28/2017, $10.55, 18542550, $10.57, $10.64, $10.43
12/27/2017, $10.53, 22851820, $10.45, $10.74, $10.4
12/26/2017, $10.46, 20411300, $10.38, $10.579, $10.34
12/22/2017, $10.54, 50679050, $10.75, $10.77, $10.2
12/21/2017, $10.89, 21839960, $10.98, $11.0793, $10.87
12/20/2017, $10.98, 31370190, $11.1, $11.18, $10.8
12/19/2017, $10.95, 43674640, $11, $11.19, $10.87
12/18/2017, $10.98, 63690700, $10.6, $11, $10.51
12/15/2017, $10.29, 45424770, $10.13, $10.32, $10.02
12/14/2017, $10.13, 28970230, $10.1, $10.17, $9.96
12/13/2017, $10.11, 41379990, $9.97, $10.21, $9.95
12/12/2017, $9.9, 36120990, $10.13, $10.14, $9.88
12/11/2017, $10.16, 29898330, $9.97, $10.16, $9.96
12/08/2017, $9.94, 34834780, $10.15, $10.2, $9.92
12/07/2017, $10.04, 32532050, $10.071, $10.19, $9.95
12/06/2017, $10, 38592990, $9.9, $10.05, $9.71
12/05/2017, $9.91, 67167770, $9.89, $10.34, $9.7
12/04/2017, $10.03, 97133350, $10.85, $10.86, $9.82
12/01/2017, $10.73, 42079680, $10.81, $10.97, $10.53
11/30/2017, $10.89, 43105690, $10.87, $11.03, $10.76
11/29/2017, $10.83, 63241920, $11.08, $11.17, $10.73
11/28/2017, $11.17, 65215400, $11.45, $11.54, $11
11/27/2017, $11.55, 41766090, $11.34, $11.74, $11.3358
11/24/2017, $11.38, 11035760, $11.38, $11.42, $11.3
11/22/2017, $11.37, 23784300, $11.41, $11.49, $11.3
11/21/2017, $11.4, 31799300, $11.421, $11.49, $11.24
11/20/2017, $11.34, 35873840, $11.47, $11.505, $11.19
11/17/2017, $11.38, 56706930, $11.3, $11.75, $11.28
11/16/2017, $11.25, 31743120, $11.13, $11.32, $11.13
11/15/2017, $11.07, 33422450, $11.01, $11.13, $10.77
11/14/2017, $11.12, 37195820, $11.03, $11.26, $11
11/13/2017, $11.09, 54003220, $11.18, $11.2, $10.92
11/10/2017, $11.26, 50138710, $11.22, $11.43, $11.115
11/09/2017, $11.12, 76527680, $11.25, $11.35, $11.03
11/08/2017, $11.71, 58724490, $11.94, $11.95, $11.51
11/07/2017, $12.05, 67768030, $11.94, $12.27, $11.92
11/06/2017, $11.93, 96003560, $12.04, $12.09, $11.64
11/03/2017, $11.12, 44158040, $10.95, $11.13, $10.82
11/02/2017, $10.85, 47849240, $10.87, $10.99, $10.66
11/01/2017, $10.8, 66738370, $11.25, $11.29, $10.72
10/31/2017, $10.985, 78475980, $10.76, $11.31, $10.69
10/30/2017, $10.89, 137433400, $11.255, $11.42, $10.65
10/27/2017, $11.84, 115511000, $12.17, $12.19, $11.35
10/26/2017, $12.005, 87296580, $12.45, $12.46, $12
10/25/2017, $12.33, 166405700, $12.95, $13.13, $12.29
10/24/2017, $14.25, 78891200, $14.2, $14.36, $14.15
10/23/2017, $14.1, 49695740, $13.94, $14.19, $13.8999
10/20/2017, $13.81, 32448020, $14.03, $14.09, $13.8
10/19/2017, $13.95, 33721630, $13.85, $14.04, $13.69
10/18/2017, $14.07, 38941260, $14.2, $14.279, $13.76
10/17/2017, $14.16, 28891590, $14.24, $14.345, $14.135
10/16/2017, $14.26, 34063350, $14.25, $14.35, $14.12
10/13/2017, $14.22, 37315850, $14.32, $14.41, $14.12
10/12/2017, $14.2, 69522200, $13.85, $14.37, $13.81
10/11/2017, $13.88, 38481230, $13.62, $13.96, $13.61
10/10/2017, $13.7, 43200630, $13.72, $13.79, $13.44
10/09/2017, $13.47, 53875890, $13.26, $13.83, $13.26
10/06/2017, $13.23, 28107190, $13.22, $13.39, $13.18
10/05/2017, $13.34, 34590210, $13.38, $13.46, $13.21
10/04/2017, $13.31, 42164720, $13.31, $13.5, $13.15
10/03/2017, $13.42, 84929460, $12.73, $13.48, $12.7
10/02/2017, $12.71, 34399110, $12.8, $12.85, $12.62
09/29/2017, $12.75, 33723630, $12.765, $12.82, $12.6
09/28/2017, $12.74, 35744970, $12.76, $12.84, $12.55
09/27/2017, $12.74, 59777410, $12.65, $12.87, $12.5
09/26/2017, $12.45, 68107920, $12.85, $12.93, $12.43
09/25/2017, $12.61, 83880060, $13.25, $13.28, $12.49
09/22/2017, $13.3, 50224570, $13.2, $13.4, $13.12
09/21/2017, $13.41, 166270300, $14, $14.24, $13.32
09/20/2017, $13.74, 96500450, $13.07, $13.8, $12.8
09/19/2017, $13.12, 65299220, $13.25, $13.29, $12.88
09/18/2017, $13.08, 83040320, $12.77, $13.3, $12.74
09/15/2017, $12.52, 50200410, $12.33, $12.66, $12.31
09/14/2017, $12.26, 37006760, $12.15, $12.46, $12.11
09/13/2017, $12.22, 37098230, $12.22, $12.36, $12.12
09/12/2017, $12.3, 54305240, $12.66, $12.68, $12.213
09/11/2017, $12.55, 43183050, $12.46, $12.74, $12.4001
09/08/2017, $12.25, 60714580, $12.571, $12.61, $12.035
09/07/2017, $12.63, 35711620, $12.84, $12.94, $12.6
09/06/2017, $12.86, 33989840, $13.02, $13.08, $12.75
09/05/2017, $12.92, 51472280, $12.88, $13.18, $12.65
09/01/2017, $13.19, 53073420, $13.12, $13.485, $13.04
08/31/2017, $13, 51532900, $12.82, $13.16, $12.79
08/30/2017, $12.67, 43798290, $12.19, $12.68, $12.16
08/29/2017, $12.15, 33500250, $12, $12.18, $11.93
08/28/2017, $12.23, 35326790, $12.53, $12.55, $12.16
08/25/2017, $12.43, 29650370, $12.51, $12.57, $12.25
08/24/2017, $12.5, 37161680, $12.69, $12.71, $12.39
08/23/2017, $12.48, 44193270, $12, $12.535, $11.95
08/22/2017, $12.17, 38946780, $12.2, $12.33, $12.1
08/21/2017, $12.05, 58786300, $12.42, $12.42, $11.86
08/18/2017, $12.37, 37456460, $12.43, $12.555, $12.25
08/17/2017, $12.34, 47219890, $12.46, $12.65, $12.32
08/16/2017, $12.63, 64491210, $13.17, $13.19, $12.52
08/15/2017, $13.02, 57802470, $13.01, $13.14, $12.75
08/14/2017, $12.76, 64296850, $12.58, $12.845, $12.58
08/11/2017, $12.23, 63432560, $12.04, $12.39, $11.88
08/10/2017, $12.12, 82513300, $12.7, $12.92, $12.11
08/09/2017, $12.83, 58777060, $12.76, $12.89, $12.54
08/08/2017, $13.11, 46944630, $13.48, $13.55, $13.08
08/07/2017, $13.43, 57354860, $13.33, $13.57, $13.27
08/04/2017, $13.12, 64084020, $13.2, $13.36, $13.02
08/03/2017, $13.24, 52390000, $13.42, $13.52, $13.08
08/02/2017, $13.37, 67313440, $13.81, $13.93, $13.12
08/01/2017, $13.71, 48878440, $13.72, $13.86, $13.45
07/31/2017, $13.61, 68989860, $14.09, $14.22, $13.47
07/28/2017, $13.95, 66561270, $13.845, $14.1, $13.68
07/27/2017, $14.12, 130072800, $14.99, $15.04, $13.7
07/26/2017, $14.76, 235590000, $15.13, $15.65, $14.4
07/25/2017, $14.11, 92517550, $14.29, $14.32, $13.87
07/24/2017, $14.16, 70752040, $14, $14.44, $13.97
07/21/2017, $13.88, 50971930, $13.7, $14.05, $13.62
07/20/2017, $13.8, 47504460, $13.61, $13.89, $13.45
07/19/2017, $13.55, 51850750, $13.62, $13.74, $13.41
07/18/2017, $13.48, 78173280, $13.29, $13.53, $13.15
07/17/2017, $13.8, 71634170, $14.03, $14.12, $13.51
07/14/2017, $13.92, 82000300, $13.46, $13.93, $13.32
07/13/2017, $13.53, 111407400, $14.33, $14.49, $13.43
07/12/2017, $14.29, 78290100, $14.17, $14.39, $13.96
07/11/2017, $13.89, 70990560, $13.77, $14.099, $13.62
07/10/2017, $13.81, 78224060, $13.61, $13.88, $13.27
07/07/2017, $13.36, 88121390, $13.27, $13.745, $13.18
07/06/2017, $13.02, 88800030, $12.94, $13.32, $12.665
07/05/2017, $13.19, 99157210, $12.36, $13.21, $12.32
07/03/2017, $12.15, 39929100, $12.57, $12.73, $12.13
06/30/2017, $12.48, 59175870, $12.57, $12.83, $12.36
06/29/2017, $12.6, 87268080, $13.06, $13.15, $12.45
06/28/2017, $13.23, 84962280, $13.65, $13.7, $13.09
06/27/2017, $13.4, 89113140, $13.76, $14.04, $13.37
06/26/2017, $14.08, 100449300, $14.39, $14.49, $13.84
06/23/2017, $14.17, 200262900, $14.15, $14.67, $13.9
06/22/2017, $14.38, 149051300, $14.1, $14.5, $13.56
06/21/2017, $13.98, 188263500, $13.36, $14.01, $13.13
06/20/2017, $12.64, 117641600, $12.19, $12.93, $12.18
06/19/2017, $11.93, 61620470, $11.63, $12.12, $11.62
06/16/2017, $11.44, 59671780, $11.66, $11.83, $11.28
06/15/2017, $11.5, 61368550, $11.34, $11.58, $11.21
06/14/2017, $11.77, 51670440, $11.91, $12.05, $11.65
06/13/2017, $11.96, 87162690, $12.33, $12.48, $11.67
06/12/2017, $12.09, 125590800, $11.75, $12.35, $11.27
06/09/2017, $12.28, 167229800, $13.1, $13.4, $11.63
06/08/2017, $12.9, 89209870, $12.81, $12.91, $12.4
06/07/2017, $12.38, 150667100, $12.42, $12.96, $12.2348
06/06/2017, $12.03, 114578700, $11.27, $12.24, $11.24
06/05/2017, $11.24, 66145900, $10.84, $11.34, $10.8
06/02/2017, $10.9, 43009550, $10.93, $10.96, $10.565
06/01/2017, $10.93, 47931740, $11.25, $11.285, $10.81
05/31/2017, $11.19, 42903690, $11.29, $11.49, $11.1
05/30/2017, $11.12, 35269030, $10.95, $11.27, $10.9
05/26/2017, $11, 31853380, $10.85, $11.02, $10.74
05/25/2017, $10.98, 33492590, $11.01, $11.01, $10.8
05/24/2017, $10.89, 42949280, $11.05, $11.06, $10.71
05/23/2017, $10.89, 49703970, $10.97, $11.055, $10.62
05/22/2017, $11.04, 78616820, $11.49, $11.55, $10.77
05/19/2017, $11.41, 50232860, $11.47, $11.62, $11.35
05/18/2017, $11.275, 86807510, $10.99, $11.49, $10.81
05/17/2017, $11.2, 159885600, $11.81, $12.2855, $11.16
05/16/2017, $12.75, 160810600, $11.66, $12.77, $11.63
05/15/2017, $11.42, 52468570, $11.41, $11.6, $11.3
05/12/2017, $11.26, 55993720, $11.2, $11.4, $11.08
05/11/2017, $11.07, 72878010, $10.74, $11.26, $10.51
05/10/2017, $10.79, 65893570, $10.455, $10.85, $10.45
05/09/2017, $10.18, 49726280, $10.04, $10.4, $10.04
05/08/2017, $10.04, 35068930, $10.22, $10.22, $10
05/05/2017, $10.19, 51704530, $10.13, $10.26, $9.94
05/04/2017, $10.1, 76962220, $10.55, $10.55, $9.94
05/03/2017, $10.39, 140835000, $10.29, $10.68, $9.85
05/02/2017, $10.32, 267432900, $11.73, $11.76, $10.3
05/01/2017, $13.62, 63863980, $13.43, $13.63, $13.25
04/28/2017, $13.3, 50248290, $13.73, $13.755, $13.16
04/27/2017, $13.62, 31123270, $13.43, $13.7, $13.37
04/26/2017, $13.41, 36606250, $13.42, $13.53, $13.22
04/25/2017, $13.49, 35795170, $13.24, $13.525, $13.16
04/24/2017, $13.13, 36090980, $13.23, $13.23, $13.045
04/21/2017, $13, 25516800, $13.08, $13.12, $12.9
04/20/2017, $13.11, 41939040, $12.98, $13.15, $12.88
04/19/2017, $12.84, 36252160, $13.09, $13.205, $12.8
04/18/2017, $12.95, 37128380, $12.63, $12.97, $12.58
04/17/2017, $12.79, 38093970, $12.53, $12.8, $12.37
04/13/2017, $12.31, 53325260, $12.505, $12.72, $12.22
04/12/2017, $12.76, 37200530, $12.94, $13.1, $12.74
04/11/2017, $13.1, 59818640, $13.02, $13.29, $12.71
04/10/2017, $13.1, 47083720, $13.52, $13.59, $13.04
04/07/2017, $13.52, 70362040, $13.33, $13.68, $13.22
04/06/2017, $13.27, 139236400, $13.42, $13.46, $12.83
04/05/2017, $14.17, 58675610, $14.28, $14.64, $14.1
04/04/2017, $14.16, 58271440, $14.31, $14.67, $14.03
04/03/2017, $14.64, 48320200, $14.6, $14.74, $14.3
03/31/2017, $14.55, 84480730, $14.1, $14.75, $14.01
03/30/2017, $14.05, 43964720, $13.73, $14.05, $13.65
03/29/2017, $13.71, 37822400, $13.74, $13.87, $13.63
03/28/2017, $13.69, 37108080, $13.75, $13.86, $13.55
03/27/2017, $13.7, 42560780, $13.35, $13.78, $13.21
03/24/2017, $13.7, 50022400, $14.16, $14.18, $13.54
03/23/2017, $13.79, 44402540, $13.96, $14.115, $13.77
03/22/2017, $14.1, 61120500, $13.7, $14.145, $13.55
03/21/2017, $13.82, 72373080, $14.4, $14.49, $13.78
03/20/2017, $14.4, 91009110, $13.68, $14.5, $13.54
03/17/2017, $13.49, 224761700, $13.62, $13.74, $13.36
03/16/2017, $13.65, 44356700, $13.79, $13.88, $13.65
03/15/2017, $13.98, 55070770, $14.03, $14.06, $13.62
03/14/2017, $14.1, 52355490, $14, $14.15, $13.6401
03/13/2017, $14.28, 72917550, $14.475, $14.68, $14.18
03/10/2017, $13.91, 62426240, $13.5, $13.93, $13.45
03/09/2017, $13.33, 45122590, $13.45, $13.45, $13.11
03/08/2017, $13.22, 71231410, $13.25, $13.55, $13.1
03/07/2017, $13.05, 76518390, $13.07, $13.37, $12.79
03/06/2017, $13.04, 117044000, $13, $13.34, $12.38
03/03/2017, $13.03, 163489100, $13.55, $13.58, $12.79
03/02/2017, $13.9, 103970100, $14.59, $14.78, $13.87
03/01/2017, $14.96, 73311380, $15.08, $15.09, $14.52
02/28/2017, $14.46, 141638700, $15.45, $15.55, $14.35
02/27/2017, $15.2, 95126330, $14.27, $15.35, $14.27
02/24/2017, $14.12, 46130900, $14, $14.32, $13.86
02/23/2017, $14.32, 79900450, $14.2, $14.45, $13.82
02/22/2017, $14.28, 71394390, $14.3, $14.5, $14.04
02/21/2017, $14, 66250920, $13.41, $14.1, $13.4
02/17/2017, $13.13, 40831730, $12.79, $13.14, $12.6
02/16/2017, $12.97, 52403840, $13.25, $13.35, $12.84
02/15/2017, $13.3, 33655580, $13.2, $13.44, $13.15
02/14/2017, $13.26, 40436710, $13.43, $13.49, $13.19
02/13/2017, $13.49, 57231080, $13.7, $13.95, $13.38
02/10/2017, $13.58, 54522240, $13.86, $13.86, $13.25
02/09/2017, $13.42, 72826820, $13.78, $13.89, $13.4
02/08/2017, $13.56, 75894880, $13.21, $13.75, $13.08
02/07/2017, $13.29, 158507200, $14.05, $14.27, $13.06
02/06/2017, $13.63, 139921700, $12.46, $13.7, $12.38
02/03/2017, $12.24, 59981710, $12.37, $12.5, $12.04
02/02/2017, $12.28, 116246800, $11.98, $12.66, $11.95
02/01/2017, $12.06, 165784500, $10.9, $12.14, $10.81
01/31/2017, $10.37, 51993490, $10.6, $10.67, $10.22
01/30/2017, $10.61, 37648430, $10.62, $10.68, $10.3
01/27/2017, $10.67, 32563480, $10.6, $10.73, $10.52
01/26/2017, $10.52, 35779140, $10.35, $10.66, $10.3
01/25/2017, $10.35, 61800440, $10.74, $10.975, $10.15
01/24/2017, $10.44, 43858900, $9.95, $10.49, $9.95
01/23/2017, $9.91, 27848180, $9.68, $10.06, $9.68
01/20/2017, $9.75, 27936610, $9.88, $9.96, $9.67
01/19/2017, $9.77, 46087250, $9.92, $10.25, $9.75
01/18/2017, $9.88, 51705580, $9.54, $10.1, $9.42
01/17/2017, $9.82, 70388000, $10.17, $10.23, $9.78
01/13/2017, $10.58, 38344340, $10.79, $10.87, $10.56
01/12/2017, $10.76, 75178900, $10.98, $11.0376, $10.33
01/11/2017, $11.2, 39337330, $11.39, $11.41, $11.15
01/10/2017, $11.44, 29122540, $11.55, $11.63, $11.33
01/09/2017, $11.49, 37215840, $11.37, $11.64, $11.31
01/06/2017, $11.32, 34437560, $11.29, $11.49, $11.11
01/05/2017, $11.24, 38777380, $11.43, $11.69, $11.23
01/04/2017, $11.43, 40742680, $11.45, $11.5204, $11.235
01/03/2017, $11.43, 55114820, $11.42, $11.65, $11.02
12/30/2016, $11.34, 44033460, $11.7, $11.78, $11.25
12/29/2016, $11.59, 50180310, $11.24, $11.62, $11.01
12/28/2016, $11.55, 71072640, $12.28, $12.42, $11.46
12/27/2016, $12.07, 44168130, $11.65, $12.08, $11.6
12/23/2016, $11.58, 32232730, $11.3, $11.6, $11.26
12/22/2016, $11.6, 36015540, $11.65, $11.75, $11.47
12/21/2016, $11.47, 44688380, $11.61, $11.72, $11.31
12/20/2016, $11.51, 59184180, $11.19, $11.51, $11.15
12/19/2016, $10.95, 45999390, $10.81, $11, $10.52
12/16/2016, $10.66, 77525980, $10.94, $11.23, $10.595
12/15/2016, $10.86, 48842780, $10.68, $10.93, $10.64
12/14/2016, $10.55, 46878230, $10.43, $10.74, $10.27
12/13/2016, $10.54, 46660430, $10.75, $10.8, $10.4
12/12/2016, $10.68, 63255660, $10.4, $10.93, $10.38
12/09/2016, $10.34, 60536690, $10.38, $10.54, $9.87
12/08/2016, $10.34, 104504900, $9.9, $10.66, $9.8
12/07/2016, $9.56, 54850990, $9.65, $9.79, $9.24
12/06/2016, $9.45, 92134400, $8.95, $9.54, $8.82
12/05/2016, $8.68, 31381360, $8.69, $8.71, $8.45
12/02/2016, $8.53, 42360750, $8.38, $8.74, $8.38
12/01/2016, $8.39, 56570720, $8.92, $9.03, $8.26
11/30/2016, $8.91, 36459680, $9.02, $9.12, $8.9
11/29/2016, $8.93, 54755520, $9, $9.23, $8.85
11/28/2016, $8.83, 25742810, $8.72, $8.98, $8.72
11/25/2016, $8.77, 14214120, $8.8, $8.91, $8.69
11/23/2016, $8.8, 34598200, $8.72, $8.86, $8.5
11/22/2016, $8.69, 71173480, $9.05, $9.06, $8.54
11/21/2016, $8.94, 65516810, $8.87, $9.22, $8.86
11/18/2016, $8.71, 62296240, $8.68, $8.83, $8.4
11/17/2016, $8.46, 124134000, $7.79, $8.77, $7.77
11/16/2016, $7.67, 78023390, $7.09, $7.75, $7.07
11/15/2016, $6.97, 28829650, $6.82, $7.08, $6.79
11/14/2016, $6.79, 29579310, $6.83, $6.84, $6.61
11/11/2016, $6.685, 39482720, $6.64, $6.69, $6.47
11/10/2016, $6.295, 71563110, $6.82, $6.91, $6.22
11/09/2016, $6.94, 38472230, $6.7, $7.05, $6.64
11/08/2016, $7, 37610130, $6.85, $7.18, $6.75
11/07/2016, $6.96, 36971240, $6.79, $6.99, $6.76
11/04/2016, $6.56, 32194920, $6.69, $6.72, $6.46
11/03/2016, $6.7, 33643860, $6.78, $6.79, $6.56
11/02/2016, $6.76, 33787100, $7.03, $7.055, $6.67
11/01/2016, $7.09, 39879990, $7.32, $7.425, $6.92
10/31/2016, $7.23, 42324890, $7.24, $7.46, $7.2
10/28/2016, $7.2, 77242520, $7.1, $7.53, $7.02
10/27/2016, $7.11, 37679300, $7.44, $7.46, $7.1
10/26/2016, $7.29, 47599440, $7.4, $7.48, $7.26
10/25/2016, $7.5, 78807250, $6.9, $7.5, $6.87
10/24/2016, $7.005, 52974070, $6.57, $7.01, $6.54
10/21/2016, $6.52, 64204350, $6.5, $6.65, $6.37
10/20/2016, $6.96, 63892740, $6.81, $6.98, $6.77
10/19/2016, $6.77, 29364320, $6.7, $6.8, $6.57
10/18/2016, $6.73, 25179670, $6.76, $6.89, $6.69
10/17/2016, $6.67, 24204010, $6.92, $6.97, $6.64
10/14/2016, $6.75, 66892790, $6.92, $7.12, $6.74
10/13/2016, $6.49, 30396980, $6.5, $6.54, $6.24
10/12/2016, $6.62, 33575940, $6.64, $6.77, $6.42
10/11/2016, $6.5, 32469660, $6.8, $6.84, $6.38
10/10/2016, $6.84, 13766940, $6.82, $6.94, $6.8
10/07/2016, $6.75, 33050370, $6.92, $6.96, $6.62
10/06/2016, $6.96, 27049420, $6.72, $6.98, $6.63
10/05/2016, $6.78, 31212740, $6.97, $7.01, $6.7
10/04/2016, $6.97, 25745810, $7, $7.09, $6.89
10/03/2016, $6.95, 30439500, $6.95, $7.15, $6.87
09/30/2016, $6.91, 47445680, $6.7, $7.04, $6.7
09/29/2016, $6.67, 30632580, $6.57, $6.73, $6.54
09/28/2016, $6.59, 27866950, $6.57, $6.65, $6.48
09/27/2016, $6.54, 30026660, $6.45, $6.58, $6.29
09/26/2016, $6.32, 29859870, $6.54, $6.54, $6.31
09/23/2016, $6.55, 60987860, $6.31, $6.65, $6.31
09/22/2016, $6.37, 35800090, $6.35, $6.44, $6.33
09/21/2016, $6.29, 33436400, $6.2, $6.32, $6.14
09/20/2016, $6.17, 28983770, $6.23, $6.28, $6.12
09/19/2016, $6.16, 37833450, $6.12, $6.275, $6.08
09/16/2016, $6.05, 47800180, $6.22, $6.22, $5.97
09/15/2016, $6.02, 52713100, $6.09, $6.2, $5.95
09/14/2016, $6.04, 64274840, $5.75, $6.0766, $5.75
09/13/2016, $5.74, 50735660, $5.92, $5.95, $5.66
09/12/2016, $5.94, 77967340, $5.83, $6.065, $5.77
09/09/2016, $5.9, 170721100, $6.23, $6.24, $5.85
09/08/2016, $6.225, 90734570, $6.64, $6.65, $6.15
09/07/2016, $6.84, 57654100, $7.05, $7.07, $6.78
09/06/2016, $7.34, 24803060, $7.56, $7.6, $7.25
09/02/2016, $7.51, 18533130, $7.49, $7.64, $7.38
09/01/2016, $7.35, 22275730, $7.18, $7.44, $7.09
08/31/2016, $7.4, 18344870, $7.52, $7.52, $7.28
08/30/2016, $7.49, 16062950, $7.61, $7.64, $7.41
08/29/2016, $7.59, 16909330, $7.72, $7.79, $7.57
08/26/2016, $7.67, 31351740, $7.49, $7.8, $7.46
08/25/2016, $7.465, 16407060, $7.49, $7.49, $7.2
08/24/2016, $7.43, 22909510, $7.67, $7.67, $7.37
08/23/2016, $7.67, 27523800, $7.66, $7.74, $7.53
08/22/2016, $7.58, 41461470, $7.83, $7.95, $7.37
08/19/2016, $7.62, 75059970, $7.24, $8, $7.22
08/18/2016, $7.04, 30704860, $6.74, $7.07, $6.725
08/17/2016, $6.68, 13785060, $6.7, $6.75, $6.61
08/16/2016, $6.78, 26737720, $6.94, $6.94, $6.65
08/15/2016, $6.95, 28330880, $6.79, $6.97, $6.78
08/12/2016, $6.73, 25464680, $6.6, $6.79, $6.55
08/11/2016, $6.58, 13140610, $6.5, $6.59, $6.46
08/10/2016, $6.49, 29037190, $6.35, $6.58, $6.25
08/09/2016, $6.6, 16761580, $6.75, $6.78, $6.54
08/08/2016, $6.68, 21442770, $6.7, $6.85, $6.65
08/05/2016, $6.61, 20155210, $6.56, $6.76, $6.47
08/04/2016, $6.47, 22400200, $6.39, $6.61, $6.37
08/03/2016, $6.3, 23789750, $6.18, $6.45, $6.15
08/02/2016, $6.26, 40797280, $6.56, $6.6, $6.15
08/01/2016, $6.64, 26702130, $6.89, $6.92, $6.57
07/29/2016, $6.86, 22576780, $6.88, $6.96, $6.75
07/28/2016, $6.82, 27498120, $6.79, $6.98, $6.735
07/27/2016, $6.85, 38538500, $6.93, $6.98, $6.68
07/26/2016, $6.98, 81172410, $6.76, $7.1599, $6.71
07/25/2016, $6.7, 118273300, $5.93, $6.95, $5.92
07/22/2016, $5.84, 101819500, $5.73, $5.97, $5.45
07/21/2016, $5.22, 39520180, $5.43, $5.45, $5.1
07/20/2016, $5.41, 20097130, $5.48, $5.5, $5.4
07/19/2016, $5.41, 23418010, $5.5, $5.55, $5.34
07/18/2016, $5.51, 38589410, $5.19, $5.57, $5.13
07/15/2016, $5.14, 14169150, $5.2, $5.2, $5.1
07/14/2016, $5.17, 20038890, $5.15, $5.235, $5.06
07/13/2016, $5.09, 13987340, $5.14, $5.19, $5.04
07/12/2016, $5.14, 20823380, $5.01, $5.17, $5.01
07/11/2016, $5.01, 21009260, $5.13, $5.19, $5
07/08/2016, $5.1, 28117990, $4.84, $5.15, $4.82
07/07/2016, $5.02, 15772980, $5.07, $5.1, $4.94
07/06/2016, $5.04, 19388990, $4.91, $5.11, $4.9
07/05/2016, $4.96, 16327740, $5.03, $5.05, $4.875
07/01/2016, $5.07, 18200080, $5.09, $5.14, $5
06/30/2016, $5.14, 26091260, $5.13, $5.19, $4.95
06/29/2016, $5.13, 33081670, $5.31, $5.4, $5.1
06/28/2016, $5.12, 29160390, $4.95, $5.185, $4.91
06/27/2016, $4.72, 31105750, $4.88, $5.05, $4.65
06/24/2016, $4.88, 36694080, $4.82, $5.0675, $4.76
06/23/2016, $5.21, 29082970, $5.17, $5.26, $5.05
06/22/2016, $5.02, 47909030, $5.46, $5.52, $4.96
06/21/2016, $5.45, 35828650, $5.1, $5.5, $5.09
06/20/2016, $5.1, 43523000, $5.39, $5.45, $5.09
06/17/2016, $5.26, 64877400, $4.75, $5.27, $4.68
06/16/2016, $4.75, 34162050, $4.5, $4.75, $4.455
06/15/2016, $4.42, 11574240, $4.44, $4.48, $4.3
06/14/2016, $4.39, 16748840, $4.4, $4.51, $4.33
06/13/2016, $4.4, 13535210, $4.32, $4.48, $4.32
06/10/2016, $4.32, 15091610, $4.4, $4.47, $4.3
06/09/2016, $4.52, 16218510, $4.41, $4.54, $4.315
06/08/2016, $4.46, 16064990, $4.54, $4.56, $4.38
06/07/2016, $4.51, 20598900, $4.56, $4.67, $4.47
06/06/2016, $4.47, 21301450, $4.2, $4.51, $4.17
06/03/2016, $4.16, 17554780, $4.16, $4.2, $4.08
06/02/2016, $4.24, 35324690, $4.37, $4.4, $4.07
06/01/2016, $4.43, 29675440, $4.6, $4.64, $4.38
05/31/2016, $4.57, 25316020, $4.67, $4.71, $4.5
05/27/2016, $4.6, 34394040, $4.39, $4.63, $4.37
05/26/2016, $4.35, 22614570, $4.19, $4.38, $4.17
05/25/2016, $4.18, 24718920, $4.24, $4.35, $4.15
05/24/2016, $4.2, 34265660, $4.09, $4.21, $3.92
05/23/2016, $4.04, 35454680, $3.9, $4.2, $3.88
05/20/2016, $3.87, 13774400, $3.83, $3.9, $3.81
05/19/2016, $3.77, 17624020, $3.83, $3.85, $3.69
05/18/2016, $3.84, 19504420, $3.79, $3.97, $3.77
05/17/2016, $3.79, 20065840, $3.8, $3.98, $3.69
05/16/2016, $3.79, 14703790, $3.67, $3.85, $3.65
05/13/2016, $3.67, 16468240, $3.56, $3.73, $3.55
05/12/2016, $3.59, 9236210, $3.65, $3.68, $3.55
05/11/2016, $3.65, 7537126, $3.61, $3.68, $3.6
05/10/2016, $3.64, 9413073, $3.66, $3.68, $3.56
05/09/2016, $3.65, 16299370, $3.66, $3.68, $3.45
05/06/2016, $3.68, 11838240, $3.65, $3.75, $3.64
05/05/2016, $3.66, 21529470, $3.64, $3.8, $3.605
05/04/2016, $3.6, 8687477, $3.54, $3.67, $3.54
05/03/2016, $3.6, 13781440, $3.7, $3.71, $3.58
05/02/2016, $3.74, 16966920, $3.58, $3.75, $3.57
04/29/2016, $3.55, 17712050, $3.69, $3.69, $3.45
04/28/2016, $3.61, 20173350, $3.69, $3.8, $3.6
04/27/2016, $3.73, 24123980, $3.55, $3.75, $3.53
04/26/2016, $3.66, 36265690, $3.45, $3.75, $3.44
04/25/2016, $3.45, 80580780, $3.81, $3.82, $3.31
04/22/2016, $3.99, 143087900, $3.19, $3.99, $3.18
04/21/2016, $2.62, 13457330, $2.65, $2.7, $2.6
04/20/2016, $2.7, 7914238, $2.62, $2.72, $2.61
04/19/2016, $2.62, 11701290, $2.78, $2.78, $2.61
04/18/2016, $2.76, 8935556, $2.67, $2.8, $2.65
04/15/2016, $2.7, 7485518, $2.72, $2.75, $2.68
04/14/2016, $2.72, 8979330, $2.77, $2.79, $2.7
04/13/2016, $2.8, 8047970, $2.78, $2.82, $2.73
04/12/2016, $2.81, 16117070, $2.79, $2.85, $2.76
04/11/2016, $2.76, 9031849, $2.76, $2.82, $2.74
04/08/2016, $2.74, 8483296, $2.7, $2.76, $2.68
04/07/2016, $2.64, 13403710, $2.76, $2.83, $2.61
04/06/2016, $2.8, 12532990, $2.75, $2.8, $2.72
04/05/2016, $2.76, 9638433, $2.76, $2.84, $2.72
04/04/2016, $2.83, 5591035, $2.83, $2.87, $2.8
04/01/2016, $2.83, 8257526, $2.79, $2.88, $2.76
03/31/2016, $2.85, 9068395, $2.84, $2.88, $2.8
03/30/2016, $2.86, 14945710, $2.88, $2.98, $2.85
03/29/2016, $2.86, 13611540, $2.74, $2.88, $2.7
03/28/2016, $2.78, 7683731, $2.81, $2.84, $2.73
03/24/2016, $2.79, 10035960, $2.69, $2.81, $2.62
03/23/2016, $2.68, 10161830, $2.8, $2.825, $2.68
03/22/2016, $2.79, 10315300, $2.73, $2.85, $2.71
03/21/2016, $2.8, 13448710, $2.9, $2.9, $2.75
03/18/2016, $2.93, 26303210, $2.8, $2.93, $2.77
03/17/2016, $2.8, 28999640, $2.77, $2.81, $2.7
03/16/2016, $2.63, 12850070, $2.5, $2.64, $2.49
03/15/2016, $2.49, 21564540, $2.67, $2.69, $2.45
03/14/2016, $2.72, 33838770, $2.53, $2.75, $2.5
03/11/2016, $2.52, 21362570, $2.29, $2.54, $2.29
03/10/2016, $2.26, 9622544, $2.29, $2.31, $2.15
03/09/2016, $2.26, 13076610, $2.32, $2.35, $2.2
03/08/2016, $2.3, 10018100, $2.44, $2.46, $2.3
03/07/2016, $2.47, 8794854, $2.36, $2.47, $2.36
03/04/2016, $2.37, 15431290, $2.42, $2.5, $2.34
03/03/2016, $2.46, 22082140, $2.32, $2.55, $2.295
03/02/2016, $2.32, 10843670, $2.2, $2.33, $2.18
03/01/2016, $2.18, 9009785, $2.16, $2.2, $2.12
02/29/2016, $2.14, 11400320, $2.06, $2.15, $2.05
02/26/2016, $2.07, 7911456, $2.04, $2.1, $2.03
02/25/2016, $2.03, 5614299, $2.02, $2.04, $1.98
02/24/2016, $2.02, 6906231, $1.98, $2.04, $1.93
02/23/2016, $1.97, 6709579, $2.04, $2.06, $1.97
02/22/2016, $2.01, 9893691, $1.94, $2.04, $1.925
02/19/2016, $1.91, 7784114, $1.93, $1.93, $1.83
02/18/2016, $1.91, 10804010, $1.93, $1.98, $1.9
02/17/2016, $1.9, 13765170, $1.85, $1.94, $1.85
02/16/2016, $1.83, 11851210, $1.86, $1.9, $1.82
02/12/2016, $1.83, 9936910, $1.89, $1.91, $1.82
02/11/2016, $1.86, 7858282, $1.82, $1.94, $1.81
02/10/2016, $1.84, 9466004, $1.92, $1.98, $1.83
02/09/2016, $1.9, 14991010, $1.89, $1.995, $1.85
02/08/2016, $1.93, 11581740, $1.97, $1.98, $1.87
02/05/2016, $1.98, 7912421, $2.06, $2.075, $1.98
02/04/2016, $2.09, 8284518, $2.06, $2.17, $2.03
02/03/2016, $2.07, 9978131, $2.04, $2.075, $1.95
02/02/2016, $1.99, 11214710, $2.11, $2.14, $1.96
02/01/2016, $2.14, 8816117, $2.17, $2.19, $2.11
01/29/2016, $2.2, 11998040, $2.09, $2.2, $2.07
01/28/2016, $2.08, 7112022, $2.16, $2.17, $2.07
01/27/2016, $2.13, 10829200, $2.08, $2.18, $2.07
01/26/2016, $2.07, 11095350, $2.14, $2.15, $2.03
01/25/2016, $2.12, 13062930, $2.01, $2.15, $2.01
01/22/2016, $2.02, 16245520, $2.11, $2.17, $1.98
01/21/2016, $2.09, 26382930, $1.82, $2.18, $1.81
01/20/2016, $1.8, 29229490, $1.81, $1.95, $1.75
01/19/2016, $1.95, 18935550, $2.08, $2.11, $1.9
01/15/2016, $2.03, 21190630, $2.1, $2.13, $1.99
01/14/2016, $2.21, 15568560, $2.29, $2.35, $2.21
01/13/2016, $2.25, 12749290, $2.4, $2.45, $2.21
01/12/2016, $2.39, 17979540, $2.4, $2.46, $2.28
01/11/2016, $2.34, 19629310, $2.16, $2.36, $2.12
01/08/2016, $2.14, 31821770, $2.36, $2.425, $2.1
01/07/2016, $2.275, 22177700, $2.43, $2.48, $2.26
01/06/2016, $2.505, 23750860, $2.66, $2.71, $2.47
01/05/2016, $2.75, 12972230, $2.77, $2.8, $2.64
01/04/2016, $2.77, 32356640, $2.77, $2.82, $2.63
12/31/2015, $2.87, 11068230, $2.97, $3.01, $2.87
12/30/2015, $2.98, 10046410, $2.99, $3.04, $2.93
12/29/2015, $3, 15292210, $3.04, $3.06, $2.97
12/28/2015, $3, 16048590, $2.91, $3.02, $2.86
12/24/2015, $2.92, 11900890, $2.88, $3, $2.86
12/23/2015, $2.83, 30365170, $2.76, $2.94, $2.75
12/22/2015, $2.77, 24888570, $2.55, $2.78, $2.54
12/21/2015, $2.53, 6871914, $2.47, $2.53, $2.43
12/18/2015, $2.45, 17704860, $2.51, $2.55, $2.42
12/17/2015, $2.56, 11374070, $2.52, $2.6, $2.52
12/16/2015, $2.54, 19507030, $2.39, $2.55, $2.365
12/15/2015, $2.36, 7319550, $2.35, $2.43, $2.32
12/14/2015, $2.34, 7686052, $2.36, $2.39, $2.3
12/11/2015, $2.36, 11883770, $2.41, $2.47, $2.36
12/10/2015, $2.45, 13067020, $2.36, $2.5, $2.33
12/09/2015, $2.35, 8694560, $2.37, $2.4, $2.32
12/08/2015, $2.39, 9055612, $2.34, $2.4, $2.25
12/07/2015, $2.355, 8473616, $2.26, $2.36, $2.21
12/04/2015, $2.28, 4573578, $2.23, $2.29, $2.21
12/03/2015, $2.23, 7054734, $2.25, $2.31, $2.2
12/02/2015, $2.27, 7501680, $2.31, $2.335, $2.23
